Status.state,NomeEntidade,NumFistel,NumServico,NumAto,NumEstacao,EnderecoEstacao,EndComplemento,SiglaUf,CodMunicipio,DesignacaoEmissao,Tecnologia,tipoTecnologia,meioAcesso,FreqTxMHz,FreqRxMHz,Azimute,CodTipoClasseEstacao,ClassInfraFisica,CompartilhamentoInfraFisica,CodTipoAntena,CodEquipamentoAntena,GanhoAntena,FrenteCostaAntena,AnguloMeiaPotenciaAntena,AnguloElevacao,Polarizacao,AlturaAntena,CodEquipamentoTransmissor,PotenciaTransmissorWatts,Latitude,Longitude,CodDebitoTFI,DataLicenciamento,DataPrimeiroLicenciamento,NumRede,_id,DataValidade,NumFistelAssociado,NomeEntidadeAssociado,Municipio.NomeMunicipio
"LIC-LIC-01","TELEFONICA BRASIL S.A.","50409146366","010","97432014","683106376","AVENIDA OSMAR CUNHA","RBR-NÃO","SC","4205407","10M0G7W","NR","","","788","733","76","FB","Greenfield","não","760","000650501705","14","25","70","0","X","41","019441503257","40","-27.59083","-48.55194","G","2023-09-27","2003-01-23","","5b69af64b421d","2029-12-08","","","Florianópolis"
"LIC-LIC-01","TELEFONICA BRASIL S.A.","50409146366","010","97432014","683106376","AVENIDA OSMAR CUNHA","RBR-NÃO","SC","4205407","10M0G7W","NR","","","788","733","163","FB","Greenfield","não","760","000650501705","14","25","70","0","X","41","019441503257","40","-27.59083","-48.55194","G","2023-09-27","2003-01-23","","5b69af64b4744","2029-12-08","","","Florianópolis"
"LIC-LIC-01","TELEFONICA BRASIL S.A.","50409146366","010","97432014","683106376","AVENIDA OSMAR CUNHA","RBR-NÃO","SC","4205407","10M0G7W","NR","","","788","733","284","FB","Greenfield","não","760","000650501705","14","25","70","0","X","41","019441503257","40","-27.59083","-48.55194","G","2023-09-27","2003-01-23","","5b69af64b4c81","2029-12-08","","","Florianópolis"
"LIC-LIC-01","TELEFONICA BRASIL S.A.","50409146366","010","105802021","441599583","RUA TRAJANO REIS    152","","SC","4205407","100MG7W","NR","SA-NSA","","3450","3450","128","FB","","","760","116652103257","25","25","105","0","X","30","116652103257","200","-27.597078","-48.550736","G","2024-09-24","1999-10-01","","1d29a5f8610d52d5","2041-12-08","","","Florianópolis"
"LIC-LIC-01","TELEFONICA BRASIL S.A.","50409146366","010","105802021","441599583","RUA TRAJANO REIS    152","","SC","4205407","100MG7W","NR","SA-NSA","","3450","3450","302","FB","","","760","116652103257","25","25","105","0","X","27","116652103257","200","-27.597078","-48.550736","G","2024-09-24","1999-10-01","","1d29a5f8610d52d6","2041-12-08","","","Florianópolis"
"LIC-LIC-01","TELEFONICA BRASIL S.A.","50409146366","010","105802021","441599583","RUA TRAJANO REIS    152","","SC","4205407","100MG7W","NR","SA-NSA","","3450","3450","28","FB","","","760","116652103257","25","25","105","0","X","30","116652103257","200","-27.597078","-48.550736","G","2024-09-24","1999-10-01","","1d29a5f8610d52d7","2041-12-08","","","Florianópolis"
"LIC-LIC-01","TELEFONICA BRASIL S.A.","50409146366","010","105802021","442302428","AVENIDA PROF OTHON GAMA DEÇA","RBR-NÃO","SC","4205407","100MG7W","NR","SA-NSA","","3450","3450","83","FB","","","760","1900-03-01","25","25","105","0","X","45","116652103257","200","-27.58694","-48.55167","G","2023-09-27","1999-11-23","","1d29a5f8610d52d8","2041-12-08","","","Florianópolis"
"LIC-LIC-01","TELEFONICA BRASIL S.A.","50409146366","010","105802021","442302428","AVENIDA PROF OTHON GAMA DEÇA","RBR-NÃO","SC","4205407","100MG7W","NR","SA-NSA","","3450","3450","153","FB","","","760","1900-03-01","25","25","105","0","X","45","116652103257","200","-27.58694","-48.55167","G","2023-09-27","1999-11-23","","1d29a5f8610d52d9","2041-12-08","","","Florianópolis"
"LIC-LIC-01","TELEFONICA BRASIL S.A.","50409146366","010","105802021","442302428","AVENIDA PROF OTHON GAMA DEÇA","RBR-NÃO","SC","4205407","100MG7W","NR","SA-NSA","","3450","3450","238","FB","","","760","1900-03-01","25","25","105","0","X","45","116652103257","200","-27.58694","-48.55167","G","2023-09-27","1999-11-23","","1d29a5f8610d52da","2041-12-08","","","Florianópolis"
"LIC-LIC-01","TELEFONICA BRASIL S.A.","50409146366","010","105802021","690385366","RUA LAURO LINHARES    589","","SC","4205407","100MG7W","NR","SA-NSA","","3450","3450","73","FB","","","760","116652103257","25","25","105","0","X","34","116652103257","200","-27.584333","-48.524533","G","2024-10-09","2008-08-07","","1d29a5f8610d52db","2041-12-08","","","Florianópolis"
"LIC-LIC-01","TELEFONICA BRASIL S.A.","50409146366","010","105802021","690385366","RUA LAURO LINHARES    589","","SC","4205407","100MG7W","NR","SA-NSA","","3450","3450","183","FB","","","760","116652103257","25","25","105","0","X","34","116652103257","200","-27.584333","-48.524533","G","2024-10-09","2008-08-07","","1d29a5f8610d52dc","2041-12-08","","","Florianópolis"
"LIC-LIC-01","TELEFONICA BRASIL S.A.","50409146366","010","105802021","690385366","RUA LAURO LINHARES    589","","SC","4205407","100MG7W","NR","SA-NSA","","3450","3450","323","FB","","","760","116652103257","25","25","105","0","X","34","116652103257","200","-27.584333","-48.524533","G","2024-10-09","2008-08-07","","1d29a5f8610d52dd","2041-12-08","","","Florianópolis"
"LIC-LIC-01","TELEFONICA BRASIL S.A.","50409146366","010","105802021","683106376","AVENIDA OSMAR CUNHA","RBR-NÃO","SC","4205407","100MG7W","NR","SA-NSA","","3450","3450","76","FB","","","760","1900-03-01","25","25","105","0","X","41","116652103257","200","-27.59083","-48.55194","G","2023-09-27","2003-01-23","","1d29a5f8610d52de","2041-12-08","","","Florianópolis"
"LIC-LIC-01","TELEFONICA BRASIL S.A.","50409146366","010","105802021","683106376","AVENIDA OSMAR CUNHA","RBR-NÃO","SC","4205407","100MG7W","NR","SA-NSA","","3450","3450","156","FB","","","760","1900-03-01","25","25","105","0","X","41","116652103257","200","-27.59083","-48.55194","G","2023-09-27","2003-01-23","","1d29a5f8610d52df","2041-12-08","","","Florianópolis"
"LIC-LIC-01","TELEFONICA BRASIL S.A.","50409146366","010","105802021","683106376","AVENIDA OSMAR CUNHA","RBR-NÃO","SC","4205407","100MG7W","NR","SA-NSA","","3450","3450","284","FB","","","760","1900-03-01","25","25","105","0","X","41","116652103257","200","-27.59083","-48.55194","G","2023-09-27","2003-01-23","","1d29a5f8610d52e0","2041-12-08","","","Florianópolis"
"LIC-LIC-01","TELEFONICA BRASIL S.A.","50409146366","010","105802021","442516550","RUA BOCAIÚVA","RBR-NÃO","SC","4205407","100MG7W","NR","SA-NSA","","3450","3450","200","FB","","","760","116652103257","25","25","105","0","X","35","116652103257","200","-27.585","-48.54472","G","2024-06-20","1999-12-17","","1d29a5f8610d52e1","2041-12-08","","","Florianópolis"
"LIC-LIC-01","TELEFONICA BRASIL S.A.","50409146366","010","105802021","442516550","RUA BOCAIÚVA","RBR-NÃO","SC","4205407","100MG7W","NR","SA-NSA","","3450","3450","34","FB","","","760","116652103257","25","25","105","0","X","35","116652103257","200","-27.585","-48.54472","G","2024-06-20","1999-12-17","","1d29a5f8610d52e2","2041-12-08","","","Florianópolis"
"LIC-LIC-01","TELEFONICA BRASIL S.A.","50409146366","010","105802021","442516550","RUA BOCAIÚVA","RBR-NÃO","SC","4205407","100MG7W","NR","SA-NSA","","3450","3450","260","FB","","","760","116652103257","25","25","105","0","X","35","116652103257","200","-27.585","-48.54472","G","2024-06-20","1999-12-17","","1d29a5f8610d52e3","2041-12-08","","","Florianópolis"
"LIC-LIC-01","TELEFONICA BRASIL S.A.","50409146366","010","105802021","683903985","RUA ARISTIDES LOBO","RBR-NÃO","SC","4205407","100MG7W","NR","SA-NSA","","3450","3450","243","FB","","","760","1900-03-01","25","25","105","0","X","39","116652103257","200","-27.57472","-48.53306","G","2023-09-27","2006-12-04","","1d29a5f8610d52e4","2041-12-08","","","Florianópolis"
"LIC-LIC-01","TELEFONICA BRASIL S.A.","50409146366","010","105802021","683903985","RUA ARISTIDES LOBO","RBR-NÃO","SC","4205407","100MG7W","NR","SA-NSA","","3450","3450","113","FB","","","760","1900-03-01","25","25","105","0","X","39","116652103257","200","-27.57472","-48.53306","G","2023-09-27","2006-12-04","","1d29a5f8610d52e5","2041-12-08","","","Florianópolis"
"LIC-LIC-01","TELEFONICA BRASIL S.A.","50409146366","010","105802021","683903985","RUA ARISTIDES LOBO","RBR-NÃO","SC","4205407","100MG7W","NR","SA-NSA","","3450","3450","36","FB","","","760","1900-03-01","25","25","105","0","X","39","116652103257","200","-27.57472","-48.53306","G","2023-09-27","2006-12-04","","1d29a5f8610d52e6","2041-12-08","","","Florianópolis"
"LIC-LIC-01","TELEFONICA BRASIL S.A.","50409146366","010","105802021","689587740","AVENIDA MADRE BENVENUTTA","RBR-NÃO","SC","4205407","100MG7W","NR","SA-NSA","","3450","3450","120","FB","","","760","116652103257","25","25","105","0","X","40","116652103257","200","-27.59","-48.51472","G","2024-06-20","2007-10-25","","1d29a5f8610d52e7","2041-12-08","","","Florianópolis"
"LIC-LIC-01","TELEFONICA BRASIL S.A.","50409146366","010","105802021","689587740","AVENIDA MADRE BENVENUTTA","RBR-NÃO","SC","4205407","100MG7W","NR","SA-NSA","","3450","3450","175","FB","","","760","116652103257","25","25","105","0","X","40","116652103257","200","-27.59","-48.51472","G","2024-06-20","2007-10-25","","1d29a5f8610d52e8","2041-12-08","","","Florianópolis"
"LIC-LIC-01","TELEFONICA BRASIL S.A.","50409146366","010","105802021","689587740","AVENIDA MADRE BENVENUTTA","RBR-NÃO","SC","4205407","100MG7W","NR","SA-NSA","","3450","3450","240","FB","","","760","116652103257","25","25","105","0","X","40","116652103257","200","-27.59","-48.51472","G","2024-06-20","2007-10-25","","1d29a5f8610d52e9","2041-12-08","","","Florianópolis"
"LIC-LIC-01","TELEFONICA BRASIL S.A.","50409146366","010","105802021","698423674","AVENIDA DOS BÚZIOS","RBR-NÃO","SC","4205407","100MG7W","NR","SA-NSA","","3450","3450","90","FB","","","760","116652103257","25","25","105","0","X","31","116652103257","200","-27.43944","-48.50111","G","2024-06-20","2012-12-17","","1d29a5f8610d52ea","2041-12-08","","","Florianópolis"
"LIC-LIC-01","TELEFONICA BRASIL S.A.","50409146366","010","105802021","698423674","AVENIDA DOS BÚZIOS","RBR-NÃO","SC","4205407","100MG7W","NR","SA-NSA","","3450","3450","210","FB","","","760","116652103257","25","25","105","0","X","31","116652103257","200","-27.43944","-48.50111","G","2024-06-20","2012-12-17","","1d29a5f8610d52eb","2041-12-08","","","Florianópolis"
"LIC-LIC-01","TELEFONICA BRASIL S.A.","50409146366","010","105802021","698423674","AVENIDA DOS BÚZIOS","RBR-NÃO","SC","4205407","100MG7W","NR","SA-NSA","","3450","3450","330","FB","","","760","116652103257","25","25","105","0","X","31","116652103257","200","-27.43944","-48.50111","G","2024-06-20","2012-12-17","","1d29a5f8610d52ec","2041-12-08","","","Florianópolis"
"LIC-LIC-01","TELEFONICA BRASIL S.A.","50409146366","010","105802021","641041632","AVENIDA VITOR KONDER    S/N","","SC","4205407","100MG7W","NR","SA-NSA","","3450","3450","258","FB","","","760","116652103257","25","25","105","0","X","44","116652103257","200","-27.58858","-48.54455","G","2024-10-09","2001-12-31","","1d29a5f8610d52ed","2041-12-08","","","Florianópolis"
"LIC-LIC-01","TELEFONICA BRASIL S.A.","50409146366","010","105802021","641041632","AVENIDA VITOR KONDER    S/N","","SC","4205407","100MG7W","NR","SA-NSA","","3450","3450","43","FB","","","760","116652103257","25","25","105","0","X","44","116652103257","200","-27.58858","-48.54455","G","2024-10-09","2001-12-31","","1d29a5f8610d52ee","2041-12-08","","","Florianópolis"
"LIC-LIC-01","TELEFONICA BRASIL S.A.","50409146366","010","105802021","641041632","AVENIDA VITOR KONDER    S/N","","SC","4205407","100MG7W","NR","SA-NSA","","3450","3450","163","FB","","","760","116652103257","25","25","105","0","X","44","116652103257","200","-27.58858","-48.54455","G","2024-10-09","2001-12-31","","1d29a5f8610d52ef","2041-12-08","","","Florianópolis"
"LIC-LIC-01","TELEFONICA BRASIL S.A.","50409146366","010","105802021","402952081","AVENIDA PREFEITO OSMAR CUNHA    183 2º ANDAR","","SC","4205407","100MG7W","NR","SA-NSA","","3450","3450","318","FB","","","760","116652103257","25","25","105","0","X","51","116652103257","200","-27.593986","-48.551369","G","2024-09-24","1999-07-08","","1d29a5f8610d52f0","2041-12-08","","","Florianópolis"
"LIC-LIC-01","TELEFONICA BRASIL S.A.","50409146366","010","105802021","402952081","AVENIDA PREFEITO OSMAR CUNHA    183 2º ANDAR","","SC","4205407","100MG7W","NR","SA-NSA","","3450","3450","88","FB","","","760","116652103257","25","25","105","0","X","51","116652103257","200","-27.593986","-48.551369","G","2024-09-24","1999-07-08","","1d29a5f8610d52f1","2041-12-08","","","Florianópolis"
"LIC-LIC-01","TELEFONICA BRASIL S.A.","50409146366","010","105802021","402952081","AVENIDA PREFEITO OSMAR CUNHA    183 2º ANDAR","","SC","4205407","100MG7W","NR","SA-NSA","","3450","3450","196","FB","","","760","116652103257","25","25","105","0","X","49","116652103257","200","-27.593986","-48.551369","G","2024-09-24","1999-07-08","","1d29a5f8610d52f2","2041-12-08","","","Florianópolis"
"LIC-LIC-01","TELEFONICA BRASIL S.A.","50409146366","010","105802021","695228633","R PADRE ROMA - Nº 409","","SC","4205407","100MG7W","NR","SA-NSA","","3450","3450","136","FB","","","760","116652103257","25","25","105","0","X","47","116652103257","200","-27.592611","-48.555472","G","2024-10-10","2011-02-28","","1d29a5f8610d52f3","2041-12-08","","","Florianópolis"
"LIC-LIC-01","TELEFONICA BRASIL S.A.","50409146366","010","105802021","695228633","R PADRE ROMA - Nº 409","","SC","4205407","100MG7W","NR","SA-NSA","","3450","3450","320","FB","","","760","116652103257","25","25","105","0","X","47","116652103257","200","-27.592611","-48.555472","G","2024-10-10","2011-02-28","","1d29a5f8610d52f4","2041-12-08","","","Florianópolis"
"LIC-LIC-01","TELEFONICA BRASIL S.A.","50409146366","010","105802021","695228633","R PADRE ROMA - Nº 409","","SC","4205407","100MG7W","NR","SA-NSA","","3450","3450","36","FB","","","760","116652103257","25","25","105","0","X","47","116652103257","200","-27.592611","-48.555472","G","2024-10-10","2011-02-28","","1d29a5f8610d52f5","2041-12-08","","","Florianópolis"
"LIC-LIC-01","TELEFONICA BRASIL S.A.","50409146366","010","105802021","1010080668","RUA FREI CANECA","RBR-NÃO","SC","4205407","100MG7W","NR","SA-NSA","","3450","3450","10","FB","","","760","1900-03-01","25","25","105","0","X","53","116652103257","200","-27.58028","-48.54306","G","2023-09-27","2020-03-11","","1d29a5f8610d52f6","2041-12-08","","","Florianópolis"
"LIC-LIC-01","TELEFONICA BRASIL S.A.","50409146366","010","105802021","1010080668","RUA FREI CANECA","RBR-NÃO","SC","4205407","100MG7W","NR","SA-NSA","","3450","3450","100","FB","","","760","1900-03-01","25","25","105","0","X","53","116652103257","200","-27.58028","-48.54306","G","2023-09-27","2020-03-11","","1d29a5f8610d52f7","2041-12-08","","","Florianópolis"
"LIC-LIC-01","TELEFONICA BRASIL S.A.","50409146366","010","105802021","1010080668","RUA FREI CANECA","RBR-NÃO","SC","4205407","100MG7W","NR","SA-NSA","","3450","3450","200","FB","","","760","1900-03-01","25","25","105","0","X","53","116652103257","200","-27.58028","-48.54306","G","2023-09-27","2020-03-11","","1d29a5f8610d52f8","2041-12-08","","","Florianópolis"
"LIC-LIC-01","TELEFONICA BRASIL S.A.","50409146366","010","105802021","441599575","RUA GENERAL BITTENCOURT","RBR-NÃO","SC","4205407","100MG7W","NR","SA-NSA","","3450","3450","60","FB","","","760","1900-03-01","25","25","105","0","X","31","116652103257","200","-27.59722","-48.54611","G","2023-09-27","1999-10-01","","1d29a5f8610d52f9","2041-12-08","","","Florianópolis"
"LIC-LIC-01","TELEFONICA BRASIL S.A.","50409146366","010","105802021","441599575","RUA GENERAL BITTENCOURT","RBR-NÃO","SC","4205407","100MG7W","NR","SA-NSA","","3450","3450","260","FB","","","760","1900-03-01","25","25","105","0","X","31","116652103257","200","-27.59722","-48.54611","G","2023-09-27","1999-10-01","","1d29a5f8610d52fa","2041-12-08","","","Florianópolis"
"LIC-LIC-01","TELEFONICA BRASIL S.A.","50409146366","010","105802021","441599575","RUA GENERAL BITTENCOURT","RBR-NÃO","SC","4205407","100MG7W","NR","SA-NSA","","3450","3450","180","FB","","","760","1900-03-01","25","25","105","0","X","31","116652103257","200","-27.59722","-48.54611","G","2023-09-27","1999-10-01","","1d29a5f8610d52fb","2041-12-08","","","Florianópolis"
"LIC-LIC-01","TELEFONICA BRASIL S.A.","50409146366","010","105802021","1008990261","RUA VISCONDE DE OURO PRETO","RBR-NÃO","SC","4205407","100MG7W","NR","SA-NSA","","3450","3450","360","FB","","","760","116652103257","25","25","105","0","X","43","116652103257","200","-27.59222","-48.54472","G","2024-06-20","2019-08-08","","1d29a5f8610d52fc","2041-12-08","","","Florianópolis"
"LIC-LIC-01","TELEFONICA BRASIL S.A.","50409146366","010","105802021","1008990261","RUA VISCONDE DE OURO PRETO","RBR-NÃO","SC","4205407","100MG7W","NR","SA-NSA","","3450","3450","180","FB","","","760","116652103257","25","25","105","0","X","43","116652103257","200","-27.59222","-48.54472","G","2024-06-20","2019-08-08","","1d29a5f8610d52fd","2041-12-08","","","Florianópolis"
"LIC-LIC-01","TELEFONICA BRASIL S.A.","50409146366","010","105802021","1008990261","RUA VISCONDE DE OURO PRETO","RBR-NÃO","SC","4205407","100MG7W","NR","SA-NSA","","3450","3450","90","FB","","","760","116652103257","25","25","105","0","X","43","116652103257","200","-27.59222","-48.54472","G","2024-06-20","2019-08-08","","1d29a5f8610d52fe","2041-12-08","","","Florianópolis"
"LIC-LIC-01","TELEFONICA BRASIL S.A.","50409146366","010","105802021","679352465","AVENIDA PAULO FONTES    TERMINAL RODOVIÁRIO RITA MARIA","","SC","4205407","100MG7W","NR","SA-NSA","","3450","3450","160","FB","","","760","116652103257","25","25","105","0","X","42","116652103257","200","-27.597169","-48.556957","G","2024-10-09","2002-08-02","","1d29a5f8610d52ff","2041-12-08","","","Florianópolis"
"LIC-LIC-01","TELEFONICA BRASIL S.A.","50409146366","010","105802021","679352465","AVENIDA PAULO FONTES    TERMINAL RODOVIÁRIO RITA MARIA","","SC","4205407","100MG7W","NR","SA-NSA","","3450","3450","250","FB","","","760","116652103257","25","25","105","0","X","42","116652103257","200","-27.597169","-48.556957","G","2024-10-09","2002-08-02","","1d29a5f8610d5300","2041-12-08","","","Florianópolis"
"LIC-LIC-01","TELEFONICA BRASIL S.A.","50409146366","010","105802021","679352465","AVENIDA PAULO FONTES    TERMINAL RODOVIÁRIO RITA MARIA","","SC","4205407","100MG7W","NR","SA-NSA","","3450","3450","20","FB","","","760","116652103257","25","25","105","0","X","44","116652103257","200","-27.597169","-48.556957","G","2024-10-09","2002-08-02","","1d29a5f8610d5301","2041-12-08","","","Florianópolis"
"LIC-LIC-01","TELEFONICA BRASIL S.A.","50409146366","010","105802021","442516592","RUA VIDAL RAMOS NETO","RBR-NÃO","SC","4205407","100MG7W","NR","SA-NSA","","3450","3450","180","FB","","","760","116652103257","25","25","105","0","X","40","116652103257","200","-27.43","-48.455","G","2024-06-20","1999-12-17","","3c41c5f8036390f6","2041-12-08","","","Florianópolis"
"LIC-LIC-01","TELEFONICA BRASIL S.A.","50409146366","010","105802021","442516592","RUA VIDAL RAMOS NETO","RBR-NÃO","SC","4205407","100MG7W","NR","SA-NSA","","3450","3450","270","FB","","","760","116652103257","25","25","105","0","X","40","116652103257","200","-27.43","-48.455","G","2024-06-20","1999-12-17","","3c41c5f8036390f7","2041-12-08","","","Florianópolis"
"LIC-LIC-01","TELEFONICA BRASIL S.A.","50409146366","010","105802021","442516592","RUA VIDAL RAMOS NETO","RBR-NÃO","SC","4205407","100MG7W","NR","SA-NSA","","3450","3450","70","FB","","","760","116652103257","25","25","105","0","X","40","116652103257","200","-27.43","-48.455","G","2024-06-20","1999-12-17","","3c41c5f8036390f8","2041-12-08","","","Florianópolis"
"LIC-LIC-01","TELEFONICA BRASIL S.A.","50409146366","010","105802021","623368579","RUA SOUZA DUTRA","","SC","4205407","100MG7W","NR","SA-NSA","","3450","3450","218","FB","","","760","116652103257","25","25","105","0","X","41","116652103257","200","-27.58861","-48.58111","G","2023-08-23","2001-11-06","","3c41c5f80363916b","2041-12-08","","","Florianópolis"
"LIC-LIC-01","TELEFONICA BRASIL S.A.","50409146366","010","105802021","623368579","RUA SOUZA DUTRA","","SC","4205407","100MG7W","NR","SA-NSA","","3450","3450","103","FB","","","760","116652103257","25","25","105","0","X","41","116652103257","200","-27.58861","-48.58111","G","2023-08-23","2001-11-06","","3c41c5f80363916c","2041-12-08","","","Florianópolis"
"LIC-LIC-01","TELEFONICA BRASIL S.A.","50409146366","010","105802021","623368579","RUA SOUZA DUTRA","","SC","4205407","100MG7W","NR","SA-NSA","","3450","3450","343","FB","","","760","116652103257","25","25","105","0","X","41","116652103257","200","-27.58861","-48.58111","G","2023-08-23","2001-11-06","","3c41c5f80363916d","2041-12-08","","","Florianópolis"
"LIC-LIC-01","TELEFONICA BRASIL S.A.","50409146366","010","105802021","1014910916","RUA RECANTO DO SOL","","SC","4205407","100MG7W","NR","SA-NSA","","3450","3450","120","FB","","","760","116652103257","25","25","105","0","X","21","116652103257","200","-27.425339","-48.40315","G","2023-08-23","2023-05-17","","3c41c5f803639189","2041-12-08","","","Florianópolis"
"LIC-LIC-01","TELEFONICA BRASIL S.A.","50409146366","010","105802021","1014910916","RUA RECANTO DO SOL","","SC","4205407","100MG7W","NR","SA-NSA","","3450","3450","240","FB","","","760","116652103257","25","25","105","0","X","21","116652103257","200","-27.425339","-48.40315","G","2023-08-23","2023-05-17","","3c41c5f80363918a","2041-12-08","","","Florianópolis"
"LIC-LIC-01","TELEFONICA BRASIL S.A.","50409146366","010","105802021","1014910916","RUA RECANTO DO SOL","","SC","4205407","100MG7W","NR","SA-NSA","","3450","3450","340","FB","","","760","116652103257","25","25","105","0","X","21","116652103257","200","-27.425339","-48.40315","G","2023-08-23","2023-05-17","","3c41c5f80363918b","2041-12-08","","","Florianópolis"
"LIC-LIC-01","TELEFONICA BRASIL S.A.","50409146366","010","105802021","1008920654","RUA ANA MARIA NUNES","","SC","4205407","100MG7W","NR","SA-NSA","","3450","3450","80","FB","","","760","116652103257","25","25","65","0","X","26","116652103257","200","-27.60111","-48.51361","G","2023-12-18","2019-08-14","","a823c5f8020986d4","2028-04-08","","","Florianópolis"
"LIC-LIC-01","TELEFONICA BRASIL S.A.","50409146366","010","105802021","1008920654","RUA ANA MARIA NUNES","","SC","4205407","100MG7W","NR","SA-NSA","","3450","3450","256","FB","","","760","116652103257","25","25","65","0","X","26","116652103257","200","-27.60111","-48.51361","G","2023-12-18","2019-08-14","","a823c5f8020986d5","2028-04-08","","","Florianópolis"
"LIC-LIC-01","TELEFONICA BRASIL S.A.","50409146366","010","105802021","1008920654","RUA ANA MARIA NUNES","","SC","4205407","100MG7W","NR","SA-NSA","","3450","3450","350","FB","","","760","116652103257","25","25","65","0","X","26","116652103257","200","-27.60111","-48.51361","G","2023-12-18","2019-08-14","","a823c5f8020986d6","2028-04-08","","","Florianópolis"
"LIC-LIC-01","TELEFONICA BRASIL S.A.","50409146366","010","105802021","1009794423","ESTRADA DOM JOÃO BECKER    447","","SC","4205407","100MG7W","NR","SA-NSA","","3450","3450","220","FB","","","760","116652103257","25","25","65","0","X","28","116652103257","200","-27.43722","-48.39028","G","2023-12-18","2019-12-30","","a823c5f8020986df","2028-04-08","","","Florianópolis"
"LIC-LIC-01","TELEFONICA BRASIL S.A.","50409146366","010","105802021","1009794423","ESTRADA DOM JOÃO BECKER    447","","SC","4205407","100MG7W","NR","SA-NSA","","3450","3450","320","FB","","","760","116652103257","25","25","65","0","X","28","116652103257","200","-27.43722","-48.39028","G","2023-12-18","2019-12-30","","a823c5f8020986e0","2028-04-08","","","Florianópolis"
"LIC-LIC-01","TELEFONICA BRASIL S.A.","50409146366","010","105802021","1009794423","ESTRADA DOM JOÃO BECKER    447","","SC","4205407","100MG7W","NR","SA-NSA","","3450","3450","130","FB","","","760","116652103257","25","25","65","0","X","28","116652103257","200","-27.43722","-48.39028","G","2023-12-18","2019-12-30","","a823c5f8020986e1","2028-04-08","","","Florianópolis"
"LIC-LIC-01","TELEFONICA BRASIL S.A.","50409146366","010","105802021","402952138","ESTRADA DA CANASVIEIRAS A INGLESES","","SC","4205407","100MG7W","NR","SA-NSA","","3450","3450","334","FB","","","760","043061703257","13.8","24","63","-2","X","54","016081403257","200","-27.44083","-48.41833","G","2024-01-23","1999-07-08","","2a97d5f803dad197","2041-12-08","","","Florianópolis"
"LIC-LIC-01","TELEFONICA BRASIL S.A.","50409146366","010","105802021","402952138","ESTRADA DA CANASVIEIRAS A INGLESES","","SC","4205407","100MG7W","NR","SA-NSA","","3450","3450","110","FB","","","760","043061703257","13.8","24","63","-2","X","54","016081403257","200","-27.44083","-48.41833","G","2024-01-23","1999-07-08","","2a97d5f803dad198","2041-12-08","","","Florianópolis"
"LIC-LIC-01","TELEFONICA BRASIL S.A.","50409146366","010","105802021","402952138","ESTRADA DA CANASVIEIRAS A INGLESES","","SC","4205407","100MG7W","NR","SA-NSA","","3450","3450","234","FB","","","760","043061703257","13.8","24","63","-2","X","54","016081403257","200","-27.44083","-48.41833","G","2024-01-23","1999-07-08","","2a97d5f803dad199","2041-12-08","","","Florianópolis"
"LIC-LIC-01","TELEFONICA BRASIL S.A.","50409146366","010","105802021","442516487","AVENIDA CIDADE DE CÓRDOBA","RBR-NÃO","SC","4205407","100MG7W","NR","SA-NSA","","3450","3450","348","FB","","","760","116652103257","25","25","65","0","X","51","116652103257","200","-27.57389","-48.43306","G","2024-03-21","1999-12-17","","b470e5f801e285d2","2041-12-08","","","Florianópolis"
"LIC-LIC-01","TELEFONICA BRASIL S.A.","50409146366","010","105802021","442516487","AVENIDA CIDADE DE CÓRDOBA","RBR-NÃO","SC","4205407","100MG7W","NR","SA-NSA","","3450","3450","98","FB","","","760","116652103257","25","25","65","0","X","33","116652103257","200","-27.57389","-48.43306","G","2024-03-21","1999-12-17","","b470e5f801e285d3","2041-12-08","","","Florianópolis"
"LIC-LIC-01","TELEFONICA BRASIL S.A.","50409146366","010","105802021","442516487","AVENIDA CIDADE DE CÓRDOBA","RBR-NÃO","SC","4205407","100MG7W","NR","SA-NSA","","3450","3450","190","FB","","","760","116652103257","25","25","65","0","X","33","116652103257","200","-27.57389","-48.43306","G","2024-03-21","1999-12-17","","b470e5f801e285d4","2041-12-08","","","Florianópolis"
"LIC-LIC-01","TELEFONICA BRASIL S.A.","50409146366","010","105802021","1002397020","SERVIDÃO ALVORADA","RBR-NÃO","SC","4205407","100MG7W","NR","SA-NSA","","3450","3450","50","FB","","","817","116652103257","23.5","25","65","0","X","50","116652103257","200","-27.6725","-48.485","G","2024-04-02","2015-12-01","","9bc2e5f8022ad050","2041-12-08","","","Florianópolis"
"LIC-LIC-01","TELEFONICA BRASIL S.A.","50409146366","010","105802021","1002397020","SERVIDÃO ALVORADA","RBR-NÃO","SC","4205407","100MG7W","NR","SA-NSA","","3450","3450","170","FB","","","817","116652103257","23.5","25","65","0","X","50","116652103257","200","-27.6725","-48.485","G","2024-04-02","2015-12-01","","9bc2e5f8022ad051","2041-12-08","","","Florianópolis"
"LIC-LIC-01","TELEFONICA BRASIL S.A.","50409146366","010","105802021","1002397020","SERVIDÃO ALVORADA","RBR-NÃO","SC","4205407","100MG7W","NR","SA-NSA","","3450","3450","340","FB","","","817","116652103257","23.5","25","65","0","X","50","116652103257","200","-27.6725","-48.485","G","2024-04-02","2015-12-01","","9bc2e5f8022ad052","2041-12-08","","","Florianópolis"
"LIC-LIC-01","TELEFONICA BRASIL S.A.","50409146366","010","105802021","1005523476","RUA TUPINAMBÁ","","SC","4205407","100MG7W","NR","SA-NSA","","3450","3450","110","FB","","","817","116652103257","23.5","25","65","0","X","40","116652103257","200","-27.57972","-48.58639","G","2024-04-02","2017-12-18","","9bc2e5f8022ad062","2041-12-08","","","Florianópolis"
"LIC-LIC-01","TELEFONICA BRASIL S.A.","50409146366","010","105802021","1005523476","RUA TUPINAMBÁ","","SC","4205407","100MG7W","NR","SA-NSA","","3450","3450","200","FB","","","817","116652103257","23.5","25","65","0","X","40","116652103257","200","-27.57972","-48.58639","G","2024-04-02","2017-12-18","","9bc2e5f8022ad063","2041-12-08","","","Florianópolis"
"LIC-LIC-01","TELEFONICA BRASIL S.A.","50409146366","010","105802021","1005523476","RUA TUPINAMBÁ","","SC","4205407","100MG7W","NR","SA-NSA","","3450","3450","300","FB","","","817","116652103257","23.5","25","65","0","X","40","116652103257","200","-27.57972","-48.58639","G","2024-04-02","2017-12-18","","9bc2e5f8022ad064","2041-12-08","","","Florianópolis"
"LIC-LIC-01","TELEFONICA BRASIL S.A.","50409146366","010","105802021","402952146","AVENIDA DAS RENDEIRAS","","SC","4205407","100MG7W","NR","SA-NSA","","3450","3450","203","FB","","","817","116652103257","23.5","25","65","0","X","51","116652103257","200","-27.60972","-48.44972","G","2024-04-02","1999-07-08","","9bc2e5f8022ad086","2041-12-08","","","Florianópolis"
"LIC-LIC-01","TELEFONICA BRASIL S.A.","50409146366","010","105802021","402952146","AVENIDA DAS RENDEIRAS","","SC","4205407","100MG7W","NR","SA-NSA","","3450","3450","13","FB","","","817","116652103257","23.5","25","65","0","X","51","116652103257","200","-27.60972","-48.44972","G","2024-04-02","1999-07-08","","9bc2e5f8022ad087","2041-12-08","","","Florianópolis"
"LIC-LIC-01","TELEFONICA BRASIL S.A.","50409146366","010","105802021","402952146","AVENIDA DAS RENDEIRAS","","SC","4205407","100MG7W","NR","SA-NSA","","3450","3450","123","FB","","","817","116652103257","23.5","25","65","0","X","51","116652103257","200","-27.60972","-48.44972","G","2024-04-02","1999-07-08","","9bc2e5f8022ad088","2041-12-08","","","Florianópolis"
"LIC-LIC-01","TELEFONICA BRASIL S.A.","50409146366","010","105802021","1014590342","SERVIDÃO NATALICIA PEREIRA","RBR-NÃO","SC","4205407","100MG7W","NR","SA-NSA","","3450","3450","120","FB","","","760","116652103257","23.5","25","65","0","X","50","116652103257","200","-27.56265","-48.51652","G","2024-06-20","2023-01-10","","9bc2e5f8022ad16f","2041-12-08","","","Florianópolis"
"LIC-LIC-01","TELEFONICA BRASIL S.A.","50409146366","010","105802021","1014590342","SERVIDÃO NATALICIA PEREIRA","RBR-NÃO","SC","4205407","100MG7W","NR","SA-NSA","","3450","3450","30","FB","","","760","116652103257","23.5","25","65","0","X","50","116652103257","200","-27.56265","-48.51652","G","2024-06-20","2023-01-10","","9bc2e5f8022ad170","2041-12-08","","","Florianópolis"
"LIC-LIC-01","TELEFONICA BRASIL S.A.","50409146366","010","105802021","1014590342","SERVIDÃO NATALICIA PEREIRA","RBR-NÃO","SC","4205407","100MG7W","NR","SA-NSA","","3450","3450","290","FB","","","760","116652103257","23.5","25","65","0","X","50","116652103257","200","-27.56265","-48.51652","G","2024-06-20","2023-01-10","","9bc2e5f8022ad171","2041-12-08","","","Florianópolis"
"LIC-LIC-01","TELEFONICA BRASIL S.A.","50409146366","010","105802021","1015872619","Estr. Jornalista Jaime de Arruda Ramos","","SC","4205407","100MG7W","NR","SA-NSA","","3450","3450","20","FB","","","760","116652103257","23.5","25","65","0","X","40","116652103257","200","-27.391116","-48.422126","G","2024-06-20","2024-06-20","","9f1336481ab15688","2041-12-08","","","Florianópolis"
"LIC-LIC-01","TELEFONICA BRASIL S.A.","50409146366","010","105802021","1015872619","Estr. Jornalista Jaime de Arruda Ramos","","SC","4205407","100MG7W","NR","SA-NSA","","3450","3450","180","FB","","","760","116652103257","23.5","25","65","0","X","40","116652103257","200","-27.391116","-48.422126","G","2024-06-20","2024-06-20","","9f1336481ab15689","2041-12-08","","","Florianópolis"
"LIC-LIC-01","TELEFONICA BRASIL S.A.","50409146366","010","105802021","1015872619","Estr. Jornalista Jaime de Arruda Ramos","","SC","4205407","100MG7W","NR","SA-NSA","","3450","3450","270","FB","","","760","116652103257","23.5","25","65","0","X","40","116652103257","200","-27.391116","-48.422126","G","2024-06-20","2024-06-20","","9f1336481ab1568a","2041-12-08","","","Florianópolis"
"LIC-LIC-01","TELEFONICA BRASIL S.A.","50409146366","010","105802021","402952103","RUA GENTIL LEANDRO DOS SANTOS    71","","SC","4205407","100MG7W","NR","SA-NSA","","3450","3450","40","FB","","","760","168242103257","23.8","0","65","-6.5","X","31","168242103257","200","-27.606177","-48.531213","G","2024-09-24","1999-07-08","","9f1336483a89605f","2041-12-08","","","Florianópolis"
"LIC-LIC-01","TELEFONICA BRASIL S.A.","50409146366","010","105802021","402952103","RUA GENTIL LEANDRO DOS SANTOS    71","","SC","4205407","100MG7W","NR","SA-NSA","","3450","3450","170","FB","","","760","168242103257","23.8","0","65","-6.5","X","31","168242103257","200","-27.606177","-48.531213","G","2024-09-24","1999-07-08","","9f1336483a896060","2041-12-08","","","Florianópolis"
"LIC-LIC-01","TELEFONICA BRASIL S.A.","50409146366","010","105802021","402952103","RUA GENTIL LEANDRO DOS SANTOS    71","","SC","4205407","100MG7W","NR","SA-NSA","","3450","3450","270","FB","","","760","168242103257","23.8","0","65","-6.5","X","31","168242103257","200","-27.606177","-48.531213","G","2024-09-24","1999-07-08","","9f1336483a896061","2041-12-08","","","Florianópolis"
"LIC-LIC-01","TELEFONICA BRASIL S.A.","50409146366","010","105802021","402952162","RUA GRAMAL","","SC","4205407","100MG7W","NR","SA-NSA","","3450","3450","40","FB","","","760","116652103257","25","25","105","0","X","52.5","116652103257","200","-27.68139","-48.49278","G","2024-07-08","1999-10-01","","9f1336483a896083","2041-12-08","","","Florianópolis"
"LIC-LIC-01","TELEFONICA BRASIL S.A.","50409146366","010","105802021","402952162","RUA GRAMAL","","SC","4205407","100MG7W","NR","SA-NSA","","3450","3450","150","FB","","","760","116652103257","25","25","105","0","X","52.5","116652103257","200","-27.68139","-48.49278","G","2024-07-08","1999-10-01","","9f1336483a896084","2041-12-08","","","Florianópolis"
"LIC-LIC-01","TELEFONICA BRASIL S.A.","50409146366","010","105802021","402952162","RUA GRAMAL","","SC","4205407","100MG7W","NR","SA-NSA","","3450","3450","250","FB","","","760","116652103257","25","25","105","0","X","52.5","116652103257","200","-27.68139","-48.49278","G","2024-07-08","1999-10-01","","9f1336483a896085","2041-12-08","","","Florianópolis"
"LIC-LIC-01","TELEFONICA BRASIL S.A.","50409146366","010","105802021","442399294","SERVIDÃO OLIBIO CORRÊA DE SOUZA","RBR-NÃO","SC","4205407","100MG7W","NR","SA-NSA","","3450","3450","90","FB","","","760","168242103257","23.8","0","65","6.5","X","42","168242103257","200","-27.75083","-48.50444","G","2024-07-08","1999-11-23","","9f1336483a8960aa","2041-12-08","","","Florianópolis"
"LIC-LIC-01","TELEFONICA BRASIL S.A.","50409146366","010","105802021","442399294","SERVIDÃO OLIBIO CORRÊA DE SOUZA","RBR-NÃO","SC","4205407","100MG7W","NR","SA-NSA","","3450","3450","210","FB","","","760","168242103257","23.8","0","65","6.5","X","42","168242103257","200","-27.75083","-48.50444","G","2024-07-08","1999-11-23","","9f1336483a8960ab","2041-12-08","","","Florianópolis"
"LIC-LIC-01","TELEFONICA BRASIL S.A.","50409146366","010","105802021","442399294","SERVIDÃO OLIBIO CORRÊA DE SOUZA","RBR-NÃO","SC","4205407","100MG7W","NR","SA-NSA","","3450","3450","340","FB","","","760","168242103257","23.8","0","65","6.5","X","42","168242103257","200","-27.75083","-48.50444","G","2024-07-08","1999-11-23","","9f1336483a8960ac","2041-12-08","","","Florianópolis"
"LIC-LIC-01","TELEFONICA BRASIL S.A.","50409146366","010","105802021","442399308","RUA DEPUTADO WALTER GOMES    EM FRENTE AO 119","","SC","4205407","100MG7W","NR","SA-NSA","","3450","3450","40","FB","","","760","116652103257","25","25","105","0","X","51.5","116652103257","200","-27.504086","-48.514942","G","2024-09-24","1999-11-23","","9f1336483a8960cb","2041-12-08","","","Florianópolis"
"LIC-LIC-01","TELEFONICA BRASIL S.A.","50409146366","010","105802021","442399308","RUA DEPUTADO WALTER GOMES    EM FRENTE AO 119","","SC","4205407","100MG7W","NR","SA-NSA","","3450","3450","180","FB","","","760","116652103257","25","25","105","0","X","51.5","116652103257","200","-27.504086","-48.514942","G","2024-09-24","1999-11-23","","9f1336483a8960cc","2041-12-08","","","Florianópolis"
"LIC-LIC-01","TELEFONICA BRASIL S.A.","50409146366","010","105802021","442399308","RUA DEPUTADO WALTER GOMES    EM FRENTE AO 119","","SC","4205407","100MG7W","NR","SA-NSA","","3450","3450","240","FB","","","760","116652103257","25","25","105","0","X","51.5","116652103257","200","-27.504086","-48.514942","G","2024-09-24","1999-11-23","","9f1336483a8960cd","2041-12-08","","","Florianópolis"
"LIC-LIC-01","TELEFONICA BRASIL S.A.","50409146366","010","105802021","623368587","RUA ANTÔNIO JOSÉ DUARTE    AO LADO DO 237","","SC","4205407","100MG7W","NR","SA-NSA","","3450","3450","10","FB","","","760","116652103257","25","25","105","0","X","26","116652103257","200","-27.604236","-48.578119","G","2024-10-09","2001-10-26","","9f1336483a89610e","2041-12-08","","","Florianópolis"
"LIC-LIC-01","TELEFONICA BRASIL S.A.","50409146366","010","105802021","623368587","RUA ANTÔNIO JOSÉ DUARTE    AO LADO DO 237","","SC","4205407","100MG7W","NR","SA-NSA","","3450","3450","200","FB","","","760","116652103257","25","25","105","0","X","27","116652103257","200","-27.604236","-48.578119","G","2024-10-09","2001-10-26","","9f1336483a89610f","2041-12-08","","","Florianópolis"
"LIC-LIC-01","TELEFONICA BRASIL S.A.","50409146366","010","105802021","623368587","RUA ANTÔNIO JOSÉ DUARTE    AO LADO DO 237","","SC","4205407","100MG7W","NR","SA-NSA","","3450","3450","270","FB","","","760","116652103257","25","25","105","0","X","26","116652103257","200","-27.604236","-48.578119","G","2024-10-09","2001-10-26","","9f1336483a896110","2041-12-08","","","Florianópolis"
"LIC-LIC-01","TELEFONICA BRASIL S.A.","50409146366","010","105802021","623368625","RUA NOSSA SENHORA DO ROSÁRIO","RBR-NÃO","SC","4205407","100MG7W","NR","SA-NSA","","3450","3450","0","FB","","","817","168242103257","23.8","0","65","6.5","X","54","168242103257","200","-27.58111","-48.59472","G","2024-07-08","2001-10-26","","9f1336483a89612f","2041-12-08","","","Florianópolis"
"LIC-LIC-01","TELEFONICA BRASIL S.A.","50409146366","010","105802021","623368625","RUA NOSSA SENHORA DO ROSÁRIO","RBR-NÃO","SC","4205407","100MG7W","NR","SA-NSA","","3450","3450","180","FB","","","817","168242103257","23.8","0","65","6.5","X","54","168242103257","200","-27.58111","-48.59472","G","2024-07-08","2001-10-26","","9f1336483a896130","2041-12-08","","","Florianópolis"
"LIC-LIC-01","TELEFONICA BRASIL S.A.","50409146366","010","105802021","623368625","RUA NOSSA SENHORA DO ROSÁRIO","RBR-NÃO","SC","4205407","100MG7W","NR","SA-NSA","","3450","3450","290","FB","","","817","168242103257","23.8","0","65","6.5","X","54","168242103257","200","-27.58111","-48.59472","G","2024-07-08","2001-10-26","","9f1336483a896131","2041-12-08","","","Florianópolis"
"LIC-LIC-01","TELEFONICA BRASIL S.A.","50409146366","010","105802021","641233035","RODOVIA SC 403    KM 3","","SC","4205407","100MG7W","NR","SA-NSA","","3450","3450","140","FB","","","760","116652103257","25","25","105","0","X","35","116652103257","200","-27.588897","-48.498494","G","2024-10-09","2002-02-27","","9f1336483a89613b","2041-12-08","","","Florianópolis"
"LIC-LIC-01","TELEFONICA BRASIL S.A.","50409146366","010","105802021","641233035","RODOVIA SC 403    KM 3","","SC","4205407","100MG7W","NR","SA-NSA","","3450","3450","130","FB","","","760","116652103257","25","25","105","0","X","54","116652103257","200","-27.588897","-48.498494","G","2024-10-09","2002-02-27","","9f1336483a89613c","2041-12-08","","","Florianópolis"
"LIC-LIC-01","TELEFONICA BRASIL S.A.","50409146366","010","105802021","641233035","RODOVIA SC 403    KM 3","","SC","4205407","100MG7W","NR","SA-NSA","","3450","3450","320","FB","","","760","116652103257","25","25","105","0","X","35","116652103257","200","-27.588897","-48.498494","G","2024-10-09","2002-02-27","","9f1336483a89613d","2041-12-08","","","Florianópolis"
"LIC-LIC-01","TELEFONICA BRASIL S.A.","50409146366","010","105802021","683106384","RUA ENGENHEIRO AGRONOMICO ANDREI CRISTIAN","RBR-NÃO","SC","4205407","100MG7W","NR","SA-NSA","","3450","3450","10","FB","","","760","116652103257","25","25","105","0","X","26","116652103257","200","-27.60361","-48.52083","G","2024-07-08","2003-01-23","","9f1336483a896156","2041-12-08","","","Florianópolis"
"LIC-LIC-01","TELEFONICA BRASIL S.A.","50409146366","010","105802021","683106384","RUA ENGENHEIRO AGRONOMICO ANDREI CRISTIAN","RBR-NÃO","SC","4205407","100MG7W","NR","SA-NSA","","3450","3450","140","FB","","","760","116652103257","25","25","105","0","X","26","116652103257","200","-27.60361","-48.52083","G","2024-07-08","2003-01-23","","9f1336483a896157","2041-12-08","","","Florianópolis"
"LIC-LIC-01","TELEFONICA BRASIL S.A.","50409146366","010","105802021","683106384","RUA ENGENHEIRO AGRONOMICO ANDREI CRISTIAN","RBR-NÃO","SC","4205407","100MG7W","NR","SA-NSA","","3450","3450","220","FB","","","760","116652103257","25","25","105","0","X","26","116652103257","200","-27.60361","-48.52083","G","2024-07-08","2003-01-23","","9f1336483a896158","2041-12-08","","","Florianópolis"
"LIC-LIC-01","TELEFONICA BRASIL S.A.","50409146366","010","105802021","689545363","ALAMEDA CESAR NASCIMENTO 200 BLOCO 1","","SC","4205407","100MG7W","NR","SA-NSA","","3450","3450","90","FB","","","760","116652103257","25","25","105","0","X","19","116652103257","200","-27.439331","-48.489575","G","2024-10-09","2007-10-25","","9f1336483a89619b","2041-12-08","","","Florianópolis"
"LIC-LIC-01","TELEFONICA BRASIL S.A.","50409146366","010","105802021","689545363","ALAMEDA CESAR NASCIMENTO 200 BLOCO 1","","SC","4205407","100MG7W","NR","SA-NSA","","3450","3450","180","FB","","","760","116652103257","25","25","105","0","X","16","116652103257","200","-27.439331","-48.489575","G","2024-10-09","2007-10-25","","9f1336483a89619c","2041-12-08","","","Florianópolis"
"LIC-LIC-01","TELEFONICA BRASIL S.A.","50409146366","010","105802021","689545363","ALAMEDA CESAR NASCIMENTO 200 BLOCO 1","","SC","4205407","100MG7W","NR","SA-NSA","","3450","3450","260","FB","","","760","116652103257","25","25","105","0","X","22","116652103257","200","-27.439331","-48.489575","G","2024-10-09","2007-10-25","","9f1336483a89619d","2041-12-08","","","Florianópolis"
"LIC-LIC-01","TELEFONICA BRASIL S.A.","50409146366","010","105802021","699839432","AVENIDA PROFESSOR MILTON LEITE DA COSTA - Nº S/N","","SC","4205407","100MG7W","NR","SA-NSA","","3450","3450","100","FB","","","760","116652103257","25","25","105","0","X","37","116652103257","200","-27.434297","-48.4606","G","2024-10-10","2014-04-02","","9f1336483a8961f5","2041-12-08","","","Florianópolis"
"LIC-LIC-01","TELEFONICA BRASIL S.A.","50409146366","010","105802021","699839432","AVENIDA PROFESSOR MILTON LEITE DA COSTA - Nº S/N","","SC","4205407","100MG7W","NR","SA-NSA","","3450","3450","200","FB","","","760","116652103257","25","25","105","0","X","37","116652103257","200","-27.434297","-48.4606","G","2024-10-10","2014-04-02","","9f1336483a8961f6","2041-12-08","","","Florianópolis"
"LIC-LIC-01","TELEFONICA BRASIL S.A.","50409146366","010","105802021","699839432","AVENIDA PROFESSOR MILTON LEITE DA COSTA - Nº S/N","","SC","4205407","100MG7W","NR","SA-NSA","","3450","3450","310","FB","","","760","116652103257","25","25","105","0","X","37","116652103257","200","-27.434297","-48.4606","G","2024-10-10","2014-04-02","","9f1336483a8961f7","2041-12-08","","","Florianópolis"
"LIC-LIC-01","TELEFONICA BRASIL S.A.","50409146366","010","105802021","1006882321","AVENIDA DOS BUZIOS","RBR-NÃO","SC","4205407","100MG7W","NR","SA-NSA","","3450","3450","90","FB","","","760","116652103257","25","25","105","0","X","23","116652103257","200","-27.43667","-48.51139","G","2024-07-08","2018-06-22","","9f1336483a89621c","2041-12-08","","","Florianópolis"
"LIC-LIC-01","TELEFONICA BRASIL S.A.","50409146366","010","105802021","1006882321","AVENIDA DOS BUZIOS","RBR-NÃO","SC","4205407","100MG7W","NR","SA-NSA","","3450","3450","160","FB","","","760","116652103257","25","25","105","0","X","23","116652103257","200","-27.43667","-48.51139","G","2024-07-08","2018-06-22","","9f1336483a89621d","2041-12-08","","","Florianópolis"
"LIC-LIC-01","TELEFONICA BRASIL S.A.","50409146366","010","105802021","1006882321","AVENIDA DOS BUZIOS","RBR-NÃO","SC","4205407","100MG7W","NR","SA-NSA","","3450","3450","320","FB","","","760","116652103257","25","25","105","0","X","23","116652103257","200","-27.43667","-48.51139","G","2024-07-08","2018-06-22","","9f1336483a89621e","2041-12-08","","","Florianópolis"
"LIC-LIC-01","TELEFONICA BRASIL S.A.","50409146366","010","105802021","1008990245","RODOVIA TERTULIANO BRITO XAVIER    2352","","SC","4205407","100MG7W","NR","SA-NSA","","3450","3450","80","FB","","","760","116652103257","25","25","105","0","X","25","116652103257","200","-27.43","-48.47639","G","2024-07-08","2019-08-26","","9f1336483a896246","2041-12-08","","","Florianópolis"
"LIC-LIC-01","TELEFONICA BRASIL S.A.","50409146366","010","105802021","1008990245","RODOVIA TERTULIANO BRITO XAVIER    2352","","SC","4205407","100MG7W","NR","SA-NSA","","3450","3450","220","FB","","","760","116652103257","25","25","105","0","X","25","116652103257","200","-27.43","-48.47639","G","2024-07-08","2019-08-26","","9f1336483a896247","2041-12-08","","","Florianópolis"
"LIC-LIC-01","TELEFONICA BRASIL S.A.","50409146366","010","105802021","1014590334","RODOVIA JOÃO PAULO","RBR-NÃO","SC","4205407","100MG7W","NR","SA-NSA","","3450","3450","90","FB","","","760","116652103257","25","25","105","0","X","35","116652103257","200","-27.56858","-48.51418","G","2024-07-08","2023-01-10","","9f1336483a896293","2041-12-08","","","Florianópolis"
"LIC-LIC-01","TELEFONICA BRASIL S.A.","50409146366","010","105802021","1014590334","RODOVIA JOÃO PAULO","RBR-NÃO","SC","4205407","100MG7W","NR","SA-NSA","","3450","3450","170","FB","","","760","116652103257","25","25","105","0","X","35","116652103257","200","-27.56858","-48.51418","G","2024-07-08","2023-01-10","","9f1336483a896294","2041-12-08","","","Florianópolis"
"LIC-LIC-01","TELEFONICA BRASIL S.A.","50409146366","010","105802021","1014590334","RODOVIA JOÃO PAULO","RBR-NÃO","SC","4205407","100MG7W","NR","SA-NSA","","3450","3450","330","FB","","","760","116652103257","25","25","105","0","X","35","116652103257","200","-27.56858","-48.51418","G","2024-07-08","2023-01-10","","9f1336483a896295","2041-12-08","","","Florianópolis"
"LIC-LIC-01","TELEFONICA BRASIL S.A.","50409146366","010","105802021","699839459","RUA DO MARISCO","RBR-NÃO","SC","4205407","100MG7W","NR","SA-NSA","","3450","3450","240","FB","","","817","116652103257","25","25","105","0","X","9","116652103257","200","-27.43361","-48.39972","G","2024-09-09","2014-04-02","","162b0ae801e75c8b","2041-12-08","","","Florianópolis"
"LIC-LIC-01","TELEFONICA BRASIL S.A.","50409146366","010","105802021","699839459","RUA DO MARISCO","RBR-NÃO","SC","4205407","100MG7W","NR","SA-NSA","","3450","3450","340","FB","","","817","116652103257","25","25","105","0","X","9","116652103257","200","-27.43361","-48.39972","G","2024-09-09","2014-04-02","","162b0ae801e75c8c","2041-12-08","","","Florianópolis"
"LIC-LIC-01","TELEFONICA BRASIL S.A.","50409146366","010","105802021","699839459","RUA DO MARISCO","RBR-NÃO","SC","4205407","100MG7W","NR","SA-NSA","","3450","3450","140","FB","","","817","116652103257","25","25","105","0","X","9","116652103257","200","-27.43361","-48.39972","G","2024-09-09","2014-04-02","","162b0ae801e75c8d","2041-12-08","","","Florianópolis"
"LIC-LIC-01","TELEFONICA BRASIL S.A.","50409146366","010","105802021","1013064655","SERVIDÃO PEDRO LAUREANO DOS SANTOS","RBR-NÃO","SC","4205407","100MG7W","NR","SA-NSA","","3450","3450","90","FB","","","760","116652103257","25","25","105","0","X","40","116652103257","200","-27.444111","-48.40335","G","2024-09-09","2022-05-04","","162b0ae801e75c8e","2041-12-08","","","Florianópolis"
"LIC-LIC-01","TELEFONICA BRASIL S.A.","50409146366","010","105802021","1013064655","SERVIDÃO PEDRO LAUREANO DOS SANTOS","RBR-NÃO","SC","4205407","100MG7W","NR","SA-NSA","","3450","3450","230","FB","","","760","116652103257","25","25","105","0","X","40","116652103257","200","-27.444111","-48.40335","G","2024-09-09","2022-05-04","","162b0ae801e75c8f","2041-12-08","","","Florianópolis"
"LIC-LIC-01","TELEFONICA BRASIL S.A.","50409146366","010","105802021","1013064655","SERVIDÃO PEDRO LAUREANO DOS SANTOS","RBR-NÃO","SC","4205407","100MG7W","NR","SA-NSA","","3450","3450","340","FB","","","760","116652103257","25","25","105","0","X","40","116652103257","200","-27.444111","-48.40335","G","2024-09-09","2022-05-04","","162b0ae801e75c90","2041-12-08","","","Florianópolis"
"LIC-LIC-01","TELEFONICA BRASIL S.A.","50409146366","010","105802021","402952120","RODOVIA DE ACESSO JURERÊ INTERNACIONAL SC 402    S/N","","SC","4205407","100MG7W","NR","SA-NSA","","3450","3450","80","FB","","","760","116652103257","25","23","60","0","X","50","116652103257","200","-27.451566","-48.499427","G","2024-09-24","1999-07-08","","816a3af803c67d5b","2041-12-08","","","Florianópolis"
"LIC-LIC-01","TELEFONICA BRASIL S.A.","50409146366","010","105802021","402952120","RODOVIA DE ACESSO JURERÊ INTERNACIONAL SC 402    S/N","","SC","4205407","100MG7W","NR","SA-NSA","","3450","3450","170","FB","","","760","116652103257","25","23","60","0","X","50","116652103257","200","-27.451566","-48.499427","G","2024-09-24","1999-07-08","","816a3af803c67d5c","2041-12-08","","","Florianópolis"
"LIC-LIC-01","TELEFONICA BRASIL S.A.","50409146366","010","105802021","402952120","RODOVIA DE ACESSO JURERÊ INTERNACIONAL SC 402    S/N","","SC","4205407","100MG7W","NR","SA-NSA","","3450","3450","340","FB","","","760","116652103257","25","23","60","0","X","50","116652103257","200","-27.451566","-48.499427","G","2024-09-24","1999-07-08","","816a3af803c67d5d","2041-12-08","","","Florianópolis"
"LIC-LIC-01","TELEFONICA BRASIL S.A.","50409146366","010","105802021","693107383","ROD SC 401 - 4529","","SC","4205407","100MG7W","NR","SA-NSA","","3450","3450","30","FB","","","760","116652103257","25","23","60","0","X","54","116652103257","200","-27.542653","-48.505308","G","2024-10-04","2010-12-20","","62cb6ae802a86e35","2041-12-08","","","Florianópolis"
"LIC-LIC-01","TELEFONICA BRASIL S.A.","50409146366","010","105802021","693107383","ROD SC 401 - 4529","","SC","4205407","100MG7W","NR","SA-NSA","","3450","3450","130","FB","","","760","116652103257","25","23","60","0","X","54","116652103257","200","-27.542653","-48.505308","G","2024-10-04","2010-12-20","","62cb6ae802a86e36","2041-12-08","","","Florianópolis"
"LIC-LIC-01","TELEFONICA BRASIL S.A.","50409146366","010","105802021","693107383","ROD SC 401 - 4529","","SC","4205407","100MG7W","NR","SA-NSA","","3450","3450","300","FB","","","760","116652103257","25","23","60","0","X","54","116652103257","200","-27.542653","-48.505308","G","2024-10-04","2010-12-20","","62cb6ae802a86e37","2041-12-08","","","Florianópolis"
"LIC-LIC-01","TELEFONICA BRASIL S.A.","50409146366","010","105802021","693104694","RODOVIA SC 406    KM 20 1257","","SC","4205407","100MG7W","NR","SA-NSA","","3450","3450","30","FB","","","760","168242103257","16.8","23.8","65","0","X","54","168242103257","200","-27.602708","-48.437283","G","2024-10-09","2010-12-20","","07b43af8039d2fba","2041-12-08","","","Florianópolis"
"LIC-LIC-01","TELEFONICA BRASIL S.A.","50409146366","010","105802021","693104694","RODOVIA SC 406    KM 20 1257","","SC","4205407","100MG7W","NR","SA-NSA","","3450","3450","160","FB","","","760","168242103257","16.8","23.8","65","0","X","54","168242103257","200","-27.602708","-48.437283","G","2024-10-09","2010-12-20","","07b43af8039d2fbb","2041-12-08","","","Florianópolis"
"LIC-LIC-01","TELEFONICA BRASIL S.A.","50409146366","010","105802021","693104694","RODOVIA SC 406    KM 20 1257","","SC","4205407","100MG7W","NR","SA-NSA","","3450","3450","250","FB","","","760","168242103257","16.8","23.8","65","0","X","54","168242103257","200","-27.602708","-48.437283","G","2024-10-09","2010-12-20","","07b43af8039d2fbc","2041-12-08","","","Florianópolis"
"LIC-LIC-01","TELEFONICA BRASIL S.A.","50409146366","010","105802021","698970870","SERVIDÃO CONCEIÇÃO    S/N","","SC","4205407","100MG7W","NR","SA-NSA","","3450","3450","50","FB","","","760","168242103257","16.8","23.8","65","0","X","17","168242103257","200","-27.633306","-48.473306","G","2024-10-09","2013-05-14","","07b43af8039d2fd8","2041-12-08","","","Florianópolis"
"LIC-LIC-01","TELEFONICA BRASIL S.A.","50409146366","010","105802021","698970870","SERVIDÃO CONCEIÇÃO    S/N","","SC","4205407","100MG7W","NR","SA-NSA","","3450","3450","170","FB","","","760","168242103257","16.8","23.8","65","0","X","17","168242103257","200","-27.633306","-48.473306","G","2024-10-09","2013-05-14","","07b43af8039d2fd9","2041-12-08","","","Florianópolis"
"LIC-LIC-01","TELEFONICA BRASIL S.A.","50409146366","010","105802021","698970870","SERVIDÃO CONCEIÇÃO    S/N","","SC","4205407","100MG7W","NR","SA-NSA","","3450","3450","334","FB","","","760","168242103257","16.8","23.8","65","0","X","17","168242103257","200","-27.633306","-48.473306","G","2024-10-09","2013-05-14","","07b43af8039d2fda","2041-12-08","","","Florianópolis"
"LIC-LIC-01","TELEFONICA BRASIL S.A.","50409146366","010","105802021","402952103","RUA GENTIL LEANDRO DOS SANTOS","","SC","4205407","100MG7W","NR","SA-NSA","","3450","3450","40","FB","","","760","168242103257","23.8","0","65","6.5","X","31","168242103257","200","-27.60583","-48.53111","G","2024-10-11","1999-07-08","","9f9d6ae801e36fde","2041-12-08","","","Florianópolis"
"LIC-LIC-01","TELEFONICA BRASIL S.A.","50409146366","010","105802021","402952103","RUA GENTIL LEANDRO DOS SANTOS","","SC","4205407","100MG7W","NR","SA-NSA","","3450","3450","170","FB","","","760","168242103257","23.8","0","65","6.5","X","31","168242103257","200","-27.60583","-48.53111","G","2024-10-11","1999-07-08","","9f9d6ae801e36fdf","2041-12-08","","","Florianópolis"
"LIC-LIC-01","TELEFONICA BRASIL S.A.","50409146366","010","105802021","402952103","RUA GENTIL LEANDRO DOS SANTOS","","SC","4205407","100MG7W","NR","SA-NSA","","3450","3450","270","FB","","","760","168242103257","23.8","0","65","6.5","X","31","168242103257","200","-27.60583","-48.53111","G","2024-10-11","1999-07-08","","9f9d6ae801e36fe0","2041-12-08","","","Florianópolis"
"LIC-LIC-01","TELEFONICA BRASIL S.A.","50409146366","010","105802021","402952162","RUA GRAMAL","","SC","4205407","100MG7W","NR","SA-NSA","","3450","3450","40","FB","","","760","116652103257","25","25","105","0","X","52.5","116652103257","200","-27.68139","-48.49278","G","2024-10-11","1999-10-01","","9f9d6ae801e36fe1","2041-12-08","","","Florianópolis"
"LIC-LIC-01","TELEFONICA BRASIL S.A.","50409146366","010","105802021","402952162","RUA GRAMAL","","SC","4205407","100MG7W","NR","SA-NSA","","3450","3450","150","FB","","","760","116652103257","25","25","105","0","X","52.5","116652103257","200","-27.68139","-48.49278","G","2024-10-11","1999-10-01","","9f9d6ae801e36fe2","2041-12-08","","","Florianópolis"
"LIC-LIC-01","TELEFONICA BRASIL S.A.","50409146366","010","105802021","402952162","RUA GRAMAL","","SC","4205407","100MG7W","NR","SA-NSA","","3450","3450","250","FB","","","760","116652103257","25","25","105","0","X","52.5","116652103257","200","-27.68139","-48.49278","G","2024-10-11","1999-10-01","","9f9d6ae801e36fe3","2041-12-08","","","Florianópolis"
"LIC-LIC-01","TELEFONICA BRASIL S.A.","50409146366","010","105802021","442399294","SERVIDÃO OLIBIO CORRÊA DE SOUZA","RBR-NÃO","SC","4205407","100MG7W","NR","SA-NSA","","3450","3450","90","FB","","","760","168242103257","23.8","0","65","6.5","X","42","168242103257","200","-27.75083","-48.50444","G","2024-10-11","1999-11-23","","9f9d6ae801e3700e","2041-12-08","","","Florianópolis"
"LIC-LIC-01","TELEFONICA BRASIL S.A.","50409146366","010","105802021","442399294","SERVIDÃO OLIBIO CORRÊA DE SOUZA","RBR-NÃO","SC","4205407","100MG7W","NR","SA-NSA","","3450","3450","210","FB","","","760","168242103257","23.8","0","65","6.5","X","42","168242103257","200","-27.75083","-48.50444","G","2024-10-11","1999-11-23","","9f9d6ae801e3700f","2041-12-08","","","Florianópolis"
"LIC-LIC-01","TELEFONICA BRASIL S.A.","50409146366","010","105802021","442399294","SERVIDÃO OLIBIO CORRÊA DE SOUZA","RBR-NÃO","SC","4205407","100MG7W","NR","SA-NSA","","3450","3450","340","FB","","","760","168242103257","23.8","0","65","6.5","X","42","168242103257","200","-27.75083","-48.50444","G","2024-10-11","1999-11-23","","9f9d6ae801e37010","2041-12-08","","","Florianópolis"
"LIC-LIC-01","TELEFONICA BRASIL S.A.","50409146366","010","105802021","442399308","RUA DEPUTADO WALTER GOMES","RBR-NÃO","SC","4205407","100MG7W","NR","SA-NSA","","3450","3450","40","FB","","","760","116652103257","25","25","105","0","X","51.5","116652103257","200","-27.50389","-48.51472","G","2024-10-11","1999-11-23","","9f9d6ae801e37011","2041-12-08","","","Florianópolis"
"LIC-LIC-01","TELEFONICA BRASIL S.A.","50409146366","010","105802021","442399308","RUA DEPUTADO WALTER GOMES","RBR-NÃO","SC","4205407","100MG7W","NR","SA-NSA","","3450","3450","180","FB","","","760","116652103257","25","25","105","0","X","51.5","116652103257","200","-27.50389","-48.51472","G","2024-10-11","1999-11-23","","9f9d6ae801e37012","2041-12-08","","","Florianópolis"
"LIC-LIC-01","TELEFONICA BRASIL S.A.","50409146366","010","105802021","442399308","RUA DEPUTADO WALTER GOMES","RBR-NÃO","SC","4205407","100MG7W","NR","SA-NSA","","3450","3450","240","FB","","","760","116652103257","25","25","105","0","X","51.5","116652103257","200","-27.50389","-48.51472","G","2024-10-11","1999-11-23","","9f9d6ae801e37013","2041-12-08","","","Florianópolis"
"LIC-LIC-01","TELEFONICA BRASIL S.A.","50409146366","010","105802021","623368587","RUA ANTÔNIO JOSÉ DUARTE","RBR-NÃO","SC","4205407","100MG7W","NR","SA-NSA","","3450","3450","10","FB","","","760","116652103257","25","25","105","0","X","26","116652103257","200","-27.60417","-48.57806","G","2024-10-11","2001-10-26","","9f9d6ae801e37038","2041-12-08","","","Florianópolis"
"LIC-LIC-01","TELEFONICA BRASIL S.A.","50409146366","010","105802021","623368587","RUA ANTÔNIO JOSÉ DUARTE","RBR-NÃO","SC","4205407","100MG7W","NR","SA-NSA","","3450","3450","200","FB","","","760","116652103257","25","25","105","0","X","27","116652103257","200","-27.60417","-48.57806","G","2024-10-11","2001-10-26","","9f9d6ae801e37039","2041-12-08","","","Florianópolis"
"LIC-LIC-01","TELEFONICA BRASIL S.A.","50409146366","010","105802021","623368587","RUA ANTÔNIO JOSÉ DUARTE","RBR-NÃO","SC","4205407","100MG7W","NR","SA-NSA","","3450","3450","270","FB","","","760","116652103257","25","25","105","0","X","26","116652103257","200","-27.60417","-48.57806","G","2024-10-11","2001-10-26","","9f9d6ae801e3703a","2041-12-08","","","Florianópolis"
"LIC-LIC-01","TELEFONICA BRASIL S.A.","50409146366","010","105802021","623368625","RUA NOSSA SENHORA DO ROSÁRIO","RBR-NÃO","SC","4205407","100MG7W","NR","SA-NSA","","3450","3450","0","FB","","","760","168242103257","23.8","0","65","6.5","X","54","168242103257","200","-27.58111","-48.59472","G","2024-10-11","2001-10-26","","9f9d6ae801e3703b","2041-12-08","","","Florianópolis"
"LIC-LIC-01","TELEFONICA BRASIL S.A.","50409146366","010","105802021","623368625","RUA NOSSA SENHORA DO ROSÁRIO","RBR-NÃO","SC","4205407","100MG7W","NR","SA-NSA","","3450","3450","180","FB","","","760","168242103257","23.8","0","65","6.5","X","54","168242103257","200","-27.58111","-48.59472","G","2024-10-11","2001-10-26","","9f9d6ae801e3703c","2041-12-08","","","Florianópolis"
"LIC-LIC-01","TELEFONICA BRASIL S.A.","50409146366","010","105802021","623368625","RUA NOSSA SENHORA DO ROSÁRIO","RBR-NÃO","SC","4205407","100MG7W","NR","SA-NSA","","3450","3450","290","FB","","","760","168242103257","23.8","0","65","6.5","X","54","168242103257","200","-27.58111","-48.59472","G","2024-10-11","2001-10-26","","9f9d6ae801e3703d","2041-12-08","","","Florianópolis"
"LIC-LIC-01","TELEFONICA BRASIL S.A.","50409146366","010","105802021","623368668","RUA AFONSO DELAMBERT NETO","RBR-NÃO","SC","4205407","100MG7W","NR","SA-NSA","","3450","3450","82","FB","","","760","168242103257","23.8","0","65","6.5","X","54","168242103257","200","-27.60222","-48.47139","G","2024-10-11","2001-10-26","","9f9d6ae801e3703e","2041-12-08","","","Florianópolis"
"LIC-LIC-01","TELEFONICA BRASIL S.A.","50409146366","010","105802021","623368668","RUA AFONSO DELAMBERT NETO","RBR-NÃO","SC","4205407","100MG7W","NR","SA-NSA","","3450","3450","220","FB","","","760","168242103257","23.8","0","65","6.5","X","54","168242103257","200","-27.60222","-48.47139","G","2024-10-11","2001-10-26","","9f9d6ae801e3703f","2041-12-08","","","Florianópolis"
"LIC-LIC-01","TELEFONICA BRASIL S.A.","50409146366","010","105802021","623368668","RUA AFONSO DELAMBERT NETO","RBR-NÃO","SC","4205407","100MG7W","NR","SA-NSA","","3450","3450","290","FB","","","760","168242103257","23.8","0","65","6.5","X","54","168242103257","200","-27.60222","-48.47139","G","2024-10-11","2001-10-26","","9f9d6ae801e37040","2041-12-08","","","Florianópolis"
"LIC-LIC-01","TELEFONICA BRASIL S.A.","50409146366","010","105802021","641233035","RODOVIA SC 403","RBR-NÃO","SC","4205407","100MG7W","NR","SA-NSA","","3450","3450","140","FB","","","760","116652103257","25","25","105","0","X","35","116652103257","200","-27.60194","-48.55194","G","2024-10-11","2002-02-27","","9f9d6ae801e37044","2041-12-08","","","Florianópolis"
"LIC-LIC-01","TELEFONICA BRASIL S.A.","50409146366","010","105802021","1015588562","ATERRO DA BAÍA SUL","","SC","4205407","100MG7W","NR","SA-NSA","","3450","3450","130","FB","","","760","116652103257","25","25","105","0","X","54","116652103257","200","-27.602178","-48.551764","G","2024-10-11","2024-01-10","","9f9d6ae801e37045","2041-12-08","","","Florianópolis"
"LIC-LIC-01","TELEFONICA BRASIL S.A.","50409146366","010","105802021","641233035","RODOVIA SC 403","RBR-NÃO","SC","4205407","100MG7W","NR","SA-NSA","","3450","3450","320","FB","","","760","116652103257","25","25","105","0","X","35","116652103257","200","-27.60194","-48.55194","G","2024-10-11","2002-02-27","","9f9d6ae801e37046","2041-12-08","","","Florianópolis"
"LIC-LIC-01","TELEFONICA BRASIL S.A.","50409146366","010","105802021","1015588562","ATERRO DA BAÍA SUL","","SC","4205407","100MG7W","NR","SA-NSA","","3450","3450","0","FB","","","760","116652103257","25","25","105","0","X","54","116652103257","200","-27.602178","-48.551764","G","2024-10-11","2024-01-10","","9f9d6ae801e37047","2041-12-08","","","Florianópolis"
"LIC-LIC-01","TELEFONICA BRASIL S.A.","50409146366","010","105802021","641233035","RODOVIA SC 403","RBR-NÃO","SC","4205407","100MG7W","NR","SA-NSA","","3450","3450","220","FB","","","760","116652103257","25","25","105","0","X","35","116652103257","200","-27.60194","-48.55194","G","2024-10-11","2002-02-27","","9f9d6ae801e37048","2041-12-08","","","Florianópolis"
"LIC-LIC-01","TELEFONICA BRASIL S.A.","50409146366","010","105802021","1015588562","ATERRO DA BAÍA SUL","","SC","4205407","100MG7W","NR","SA-NSA","","3450","3450","350","FB","","","760","116652103257","25","25","105","0","X","54","116652103257","200","-27.602178","-48.551764","G","2024-10-11","2024-01-10","","9f9d6ae801e37049","2041-12-08","","","Florianópolis"
"LIC-LIC-01","TELEFONICA BRASIL S.A.","50409146366","010","105802021","683106384","RUA ENGENHEIRO AGRONOMICO ANDREI CRISTIAN","RBR-NÃO","SC","4205407","100MG7W","NR","SA-NSA","","3450","3450","10","FB","","","760","116652103257","25","25","105","0","X","26","116652103257","200","-27.60361","-48.52083","G","2024-10-11","2003-01-23","","9f9d6ae801e37056","2041-12-08","","","Florianópolis"
"LIC-LIC-01","TELEFONICA BRASIL S.A.","50409146366","010","105802021","683106384","RUA ENGENHEIRO AGRONOMICO ANDREI CRISTIAN","RBR-NÃO","SC","4205407","100MG7W","NR","SA-NSA","","3450","3450","140","FB","","","760","116652103257","25","25","105","0","X","26","116652103257","200","-27.60361","-48.52083","G","2024-10-11","2003-01-23","","9f9d6ae801e37057","2041-12-08","","","Florianópolis"
"LIC-LIC-01","TELEFONICA BRASIL S.A.","50409146366","010","105802021","683106384","RUA ENGENHEIRO AGRONOMICO ANDREI CRISTIAN","RBR-NÃO","SC","4205407","100MG7W","NR","SA-NSA","","3450","3450","220","FB","","","760","116652103257","25","25","105","0","X","26","116652103257","200","-27.60361","-48.52083","G","2024-10-11","2003-01-23","","9f9d6ae801e37058","2041-12-08","","","Florianópolis"
"LIC-LIC-01","TELEFONICA BRASIL S.A.","50409146366","010","105802021","689545363","ALAMEDA CESAR NASCIMENTO","RBR-NÃO","SC","4205407","100MG7W","NR","SA-NSA","","3450","3450","90","FB","","","760","116652103257","25","25","105","0","X","19","116652103257","200","-27.43917","-48.48944","G","2024-10-11","2007-10-25","","9f9d6ae801e37068","2041-12-08","","","Florianópolis"
"LIC-LIC-01","TELEFONICA BRASIL S.A.","50409146366","010","105802021","689545363","ALAMEDA CESAR NASCIMENTO","RBR-NÃO","SC","4205407","100MG7W","NR","SA-NSA","","3450","3450","180","FB","","","760","116652103257","25","25","105","0","X","16","116652103257","200","-27.43917","-48.48944","G","2024-10-11","2007-10-25","","9f9d6ae801e37069","2041-12-08","","","Florianópolis"
"LIC-LIC-01","TELEFONICA BRASIL S.A.","50409146366","010","105802021","689545363","ALAMEDA CESAR NASCIMENTO","RBR-NÃO","SC","4205407","100MG7W","NR","SA-NSA","","3450","3450","260","FB","","","760","116652103257","25","25","105","0","X","22","116652103257","200","-27.43917","-48.48944","G","2024-10-11","2007-10-25","","9f9d6ae801e3706a","2041-12-08","","","Florianópolis"
"LIC-LIC-01","TELEFONICA BRASIL S.A.","50409146366","010","105802021","699839432","AVENIDA PROFESSOR MILTON LEITE DA COSTA","RBR-NÃO","SC","4205407","100MG7W","NR","SA-NSA","","3450","3450","100","FB","","","760","116652103257","25","25","105","0","X","37","116652103257","200","-27.43417","-48.46056","G","2024-10-11","2014-04-02","","9f9d6ae801e370a7","2041-12-08","","","Florianópolis"
"LIC-LIC-01","TELEFONICA BRASIL S.A.","50409146366","010","105802021","699839432","AVENIDA PROFESSOR MILTON LEITE DA COSTA","RBR-NÃO","SC","4205407","100MG7W","NR","SA-NSA","","3450","3450","200","FB","","","760","116652103257","25","25","105","0","X","37","116652103257","200","-27.43417","-48.46056","G","2024-10-11","2014-04-02","","9f9d6ae801e370a8","2041-12-08","","","Florianópolis"
"LIC-LIC-01","TELEFONICA BRASIL S.A.","50409146366","010","105802021","699839432","AVENIDA PROFESSOR MILTON LEITE DA COSTA","RBR-NÃO","SC","4205407","100MG7W","NR","SA-NSA","","3450","3450","310","FB","","","760","116652103257","25","25","105","0","X","37","116652103257","200","-27.43417","-48.46056","G","2024-10-11","2014-04-02","","9f9d6ae801e370a9","2041-12-08","","","Florianópolis"
"LIC-LIC-01","TELEFONICA BRASIL S.A.","50409146366","010","105802021","1002396694","RODOVIA HAROLDO SOARES GLAVAN    3303","","SC","4205407","100MG7W","NR","SA-NSA","","3450","3450","40","FB","","","760","116652103257","25","25","105","0","X","13","116652103257","200","-27.53806","-48.52722","G","2024-10-11","2015-12-01","","9f9d6ae801e370cb","2041-12-08","","","Florianópolis"
"LIC-LIC-01","TELEFONICA BRASIL S.A.","50409146366","010","105802021","1002396694","RODOVIA HAROLDO SOARES GLAVAN    3303","","SC","4205407","100MG7W","NR","SA-NSA","","3450","3450","160","FB","","","760","116652103257","25","25","105","0","X","13","116652103257","200","-27.53806","-48.52722","G","2024-10-11","2015-12-01","","9f9d6ae801e370cc","2041-12-08","","","Florianópolis"
"LIC-LIC-01","TELEFONICA BRASIL S.A.","50409146366","010","105802021","1006882321","AVENIDA DOS BUZIOS","RBR-NÃO","SC","4205407","100MG7W","NR","SA-NSA","","3450","3450","90","FB","","","760","116652103257","25","25","105","0","X","23","116652103257","200","-27.43667","-48.51139","G","2024-10-11","2018-06-22","","9f9d6ae801e370d6","2041-12-08","","","Florianópolis"
"LIC-LIC-01","TELEFONICA BRASIL S.A.","50409146366","010","105802021","1006882321","AVENIDA DOS BUZIOS","RBR-NÃO","SC","4205407","100MG7W","NR","SA-NSA","","3450","3450","160","FB","","","760","116652103257","25","25","105","0","X","23","116652103257","200","-27.43667","-48.51139","G","2024-10-11","2018-06-22","","9f9d6ae801e370d7","2041-12-08","","","Florianópolis"
"LIC-LIC-01","TELEFONICA BRASIL S.A.","50409146366","010","105802021","1006882321","AVENIDA DOS BUZIOS","RBR-NÃO","SC","4205407","100MG7W","NR","SA-NSA","","3450","3450","320","FB","","","760","116652103257","25","25","105","0","X","23","116652103257","200","-27.43667","-48.51139","G","2024-10-11","2018-06-22","","9f9d6ae801e370d8","2041-12-08","","","Florianópolis"
"LIC-LIC-01","TELEFONICA BRASIL S.A.","50409146366","010","105802021","1008990245","RODOVIA TERTULIANO BRITO XAVIER    2352","","SC","4205407","100MG7W","NR","SA-NSA","","3450","3450","80","FB","","","760","116652103257","25","25","105","0","X","25","116652103257","200","-27.43","-48.47639","G","2024-10-11","2019-08-26","","9f9d6ae801e370f4","2041-12-08","","","Florianópolis"
"LIC-LIC-01","TELEFONICA BRASIL S.A.","50409146366","010","105802021","1008990245","RODOVIA TERTULIANO BRITO XAVIER    2352","","SC","4205407","100MG7W","NR","SA-NSA","","3450","3450","220","FB","","","760","116652103257","25","25","105","0","X","25","116652103257","200","-27.43","-48.47639","G","2024-10-11","2019-08-26","","9f9d6ae801e370f5","2041-12-08","","","Florianópolis"
"LIC-LIC-01","TELEFONICA BRASIL S.A.","50409146366","010","105802021","1008990245","RODOVIA TERTULIANO BRITO XAVIER    2352","","SC","4205407","100MG7W","NR","SA-NSA","","3450","3450","340","FB","","","760","116652103257","25","25","105","0","X","25","116652103257","200","-27.43","-48.47639","G","2024-10-11","2019-08-26","","9f9d6ae801e370f6","2041-12-08","","","Florianópolis"
"LIC-LIC-01","TELEFONICA BRASIL S.A.","50409146366","010","105802021","1011695836","RUA SAUL DE OLIVEIRA","RBR-NÃO","SC","4205407","100MG7W","NR","SA-NSA","","3450","3450","40","FB","","","760","116652103257","25","25","105","0","X","36","116652103257","31,62","-27.66711","-48.53234","G","2024-10-11","2021-01-29","","9f9d6ae801e37109","2041-12-08","","","Florianópolis"
"LIC-LIC-01","TELEFONICA BRASIL S.A.","50409146366","010","105802021","1011695836","RUA SAUL DE OLIVEIRA","RBR-NÃO","SC","4205407","100MG7W","NR","SA-NSA","","3450","3450","130","FB","","","760","116652103257","25","25","105","0","X","36","116652103257","31,62","-27.66711","-48.53234","G","2024-10-11","2021-01-29","","9f9d6ae801e3710a","2041-12-08","","","Florianópolis"
"LIC-LIC-01","TELEFONICA BRASIL S.A.","50409146366","010","105802021","1011695836","RUA SAUL DE OLIVEIRA","RBR-NÃO","SC","4205407","100MG7W","NR","SA-NSA","","3450","3450","230","FB","","","760","116652103257","25","25","105","0","X","36","116652103257","31,62","-27.66711","-48.53234","G","2024-10-11","2021-01-29","","9f9d6ae801e3710b","2041-12-08","","","Florianópolis"
"LIC-LIC-01","TELEFONICA BRASIL S.A.","50409146366","010","105802021","1012145856","RUA JOSÉ JOÃO VIEIRA","RBR-NÃO","SC","4205407","100MG7W","NR","SA-NSA","","3450","3450","70","FB","","","760","168242103257","23.8","0","65","6.5","X","35","168242103257","200","-27.695494","-48.498097","G","2024-10-11","2021-07-28","","9f9d6ae801e3711b","2041-12-08","","","Florianópolis"
"LIC-LIC-01","TELEFONICA BRASIL S.A.","50409146366","010","105802021","1012145856","RUA JOSÉ JOÃO VIEIRA","RBR-NÃO","SC","4205407","100MG7W","NR","SA-NSA","","3450","3450","180","FB","","","760","168242103257","23.8","0","65","6.5","X","35","168242103257","200","-27.695494","-48.498097","G","2024-10-11","2021-07-28","","9f9d6ae801e3711c","2041-12-08","","","Florianópolis"
"LIC-LIC-01","TELEFONICA BRASIL S.A.","50409146366","010","105802021","1012145856","RUA JOSÉ JOÃO VIEIRA","RBR-NÃO","SC","4205407","100MG7W","NR","SA-NSA","","3450","3450","300","FB","","","760","168242103257","23.8","0","65","6.5","X","35","168242103257","200","-27.695494","-48.498097","G","2024-10-11","2021-07-28","","9f9d6ae801e3711d","2041-12-08","","","Florianópolis"
"LIC-LIC-01","TELEFONICA BRASIL S.A.","50409146366","010","105802021","1012406013","RUA ARACI VAZ CALADO","RBR-NÃO","SC","4205407","100MG7W","NR","SA-NSA","","3450","3450","60","FB","","","760","116652103257","25","25","105","0","X","26","116652103257","200","-27.59086","-48.59085","G","2024-10-11","2021-10-07","","9f9d6ae801e3711e","2041-12-08","","","Florianópolis"
"LIC-LIC-01","TELEFONICA BRASIL S.A.","50409146366","010","105802021","1012406013","RUA ARACI VAZ CALADO","RBR-NÃO","SC","4205407","100MG7W","NR","SA-NSA","","3450","3450","190","FB","","","760","116652103257","25","25","105","0","X","26","116652103257","200","-27.59086","-48.59085","G","2024-10-11","2021-10-07","","9f9d6ae801e3711f","2041-12-08","","","Florianópolis"
"LIC-LIC-01","TELEFONICA BRASIL S.A.","50409146366","010","105802021","1012406013","RUA ARACI VAZ CALADO","RBR-NÃO","SC","4205407","100MG7W","NR","SA-NSA","","3450","3450","290","FB","","","760","116652103257","25","25","105","0","X","26","116652103257","200","-27.59086","-48.59085","G","2024-10-11","2021-10-07","","9f9d6ae801e37120","2041-12-08","","","Florianópolis"
"LIC-LIC-01","TELEFONICA BRASIL S.A.","50409146366","010","105802021","1014590334","RODOVIA JOÃO PAULO","RBR-NÃO","SC","4205407","100MG7W","NR","SA-NSA","","3450","3450","90","FB","","","760","116652103257","25","25","105","0","X","35","116652103257","200","-27.56858","-48.51418","G","2024-10-11","2023-01-10","","9f9d6ae801e37145","2041-12-08","","","Florianópolis"
"LIC-LIC-01","TELEFONICA BRASIL S.A.","50409146366","010","105802021","1014590334","RODOVIA JOÃO PAULO","RBR-NÃO","SC","4205407","100MG7W","NR","SA-NSA","","3450","3450","170","FB","","","760","116652103257","25","25","105","0","X","35","116652103257","200","-27.56858","-48.51418","G","2024-10-11","2023-01-10","","9f9d6ae801e37146","2041-12-08","","","Florianópolis"
"LIC-LIC-01","TELEFONICA BRASIL S.A.","50409146366","010","105802021","1014590334","RODOVIA JOÃO PAULO","RBR-NÃO","SC","4205407","100MG7W","NR","SA-NSA","","3450","3450","330","FB","","","760","116652103257","25","25","105","0","X","35","116652103257","200","-27.56858","-48.51418","G","2024-10-11","2023-01-10","","9f9d6ae801e37147","2041-12-08","","","Florianópolis"
"LIC-LIC-01","TELEFONICA BRASIL S.A.","50409146366","010","105802021","693107383","ROD SC 401 - 4529","","SC","4205407","100MG7W","NR","SA-NSA","","3450","3450","30","FB","","","760","116652103257","25","23","60","0","X","54","116652103257","200","-27.542653","-48.505308","G","2024-10-10","2010-12-20","","816a3af803e7788d","2041-12-08","","","Florianópolis"
"LIC-LIC-01","TELEFONICA BRASIL S.A.","50409146366","010","105802021","693107383","ROD SC 401 - 4529","","SC","4205407","100MG7W","NR","SA-NSA","","3450","3450","130","FB","","","760","116652103257","25","23","60","0","X","54","116652103257","200","-27.542653","-48.505308","G","2024-10-10","2010-12-20","","816a3af803e7788e","2041-12-08","","","Florianópolis"
"LIC-LIC-01","TELEFONICA BRASIL S.A.","50409146366","010","105802021","693107383","ROD SC 401 - 4529","","SC","4205407","100MG7W","NR","SA-NSA","","3450","3450","300","FB","","","760","116652103257","25","23","60","0","X","54","116652103257","200","-27.542653","-48.505308","G","2024-10-10","2010-12-20","","816a3af803e7788f","2041-12-08","","","Florianópolis"
"LIC-LIC-01","TELEFONICA BRASIL S.A.","50409146366","010","105802021","1016160353","AVENIDA HERCILIO LUZ","","SC","4205407","100MG7W","NR","SA-NSA","","3450","3450","60","FB","","","760","116652103257","25","23","60","0","X","34","116652103257","200","-27.59704","-48.54687","G","2024-10-10","2024-10-10","","816a3af803e7855a","2041-12-08","","","Florianópolis"
"LIC-LIC-01","TELEFONICA BRASIL S.A.","50409146366","010","105802021","1016160353","AVENIDA HERCILIO LUZ","","SC","4205407","100MG7W","NR","SA-NSA","","3450","3450","170","FB","","","760","116652103257","25","23","60","-8","X","34","116652103257","200","-27.59704","-48.54687","G","2024-10-10","2024-10-10","","816a3af803e7855b","2041-12-08","","","Florianópolis"
"LIC-LIC-01","TELEFONICA BRASIL S.A.","50409146366","010","105802021","1016160353","AVENIDA HERCILIO LUZ","","SC","4205407","100MG7W","NR","SA-NSA","","3450","3450","270","FB","","","760","116652103257","25","23","60","-8","X","34","116652103257","200","-27.59704","-48.54687","G","2024-10-10","2024-10-10","","816a3af803e7855c","2041-12-08","","","Florianópolis"
"LIC-LIC-01","TELEFONICA BRASIL S.A.","50409146366","010","105802021","1016160701","Rua Prefeito Dib Cherem","","SC","4205407","100MG7W","NR","SA-NSA","","3450","3450","80","FB","","","760","116652103257","25","23","60","0","X","32.7","116652103257","200","-27.59944","-48.59793","G","2024-10-10","2024-10-10","","816a3af803e7855d","2041-12-08","","","Florianópolis"
"LIC-LIC-01","TELEFONICA BRASIL S.A.","50409146366","010","105802021","1016160701","Rua Prefeito Dib Cherem","","SC","4205407","100MG7W","NR","SA-NSA","","3450","3450","250","FB","","","760","116652103257","25","23","60","0","X","32.7","116652103257","200","-27.59944","-48.59793","G","2024-10-10","2024-10-10","","816a3af803e7855e","2041-12-08","","","Florianópolis"
"LIC-LIC-01","TELEFONICA BRASIL S.A.","50409146366","010","105802021","1016160701","Rua Prefeito Dib Cherem","","SC","4205407","100MG7W","NR","SA-NSA","","3450","3450","340","FB","","","760","116652103257","25","23","60","0","X","35.7","116652103257","200","-27.59944","-48.59793","G","2024-10-10","2024-10-10","","816a3af803e7855f","2041-12-08","","","Florianópolis"
"LIC-LIC-01","TELEFONICA BRASIL S.A.","50409146366","010","105802021","1016160361","RUA FELIPE SCHMIDT","","SC","4205407","100MG7W","NR","SA-NSA","","3450","3450","60","FB","","","760","116652103257","25","23","60","0","X","52","116652103257","200","-27.59072","-48.56122","G","2024-10-10","2024-10-10","","816a3af803e78560","2041-12-08","","","Florianópolis"
"LIC-LIC-01","TELEFONICA BRASIL S.A.","50409146366","010","105802021","1016160361","RUA FELIPE SCHMIDT","","SC","4205407","100MG7W","NR","SA-NSA","","3450","3450","150","FB","","","760","116652103257","25","23","60","0","X","52","116652103257","200","-27.59072","-48.56122","G","2024-10-10","2024-10-10","","816a3af803e78561","2041-12-08","","","Florianópolis"
"LIC-LIC-01","TELEFONICA BRASIL S.A.","50409146366","010","105802021","1016160361","RUA FELIPE SCHMIDT","","SC","4205407","100MG7W","NR","SA-NSA","","3450","3450","240","FB","","","760","116652103257","25","23","60","-8","X","52","116652103257","200","-27.59072","-48.56122","G","2024-10-10","2024-10-10","","816a3af803e78562","2041-12-08","","","Florianópolis"
"LIC-LIC-01","TELEFONICA BRASIL S.A.","50409146366","010","105802021","402952154","RUA ANTÔNIO DOMINGOS DE SOUZA    QUADRA 5 LOTE 2","","SC","4205407","100MG7W","NR","SA-NSA","","3450","3450","110","FB","","","760","168242103257","16.8","23.8","65","0","X","41","168242103257","31.62","-27.660116","-48.54375","G","2024-10-15","1999-07-08","","1c113af803390fe2","2041-12-08","","","Florianópolis"
"LIC-LIC-01","TELEFONICA BRASIL S.A.","50409146366","010","105802021","402952154","RUA ANTÔNIO DOMINGOS DE SOUZA    QUADRA 5 LOTE 2","","SC","4205407","100MG7W","NR","SA-NSA","","3450","3450","190","FB","","","760","168242103257","16.8","23.8","65","0","X","31","168242103257","31.62","-27.660116","-48.54375","G","2024-10-15","1999-07-08","","1c113af803390fe3","2041-12-08","","","Florianópolis"
"LIC-LIC-01","TELEFONICA BRASIL S.A.","50409146366","010","105802021","402952154","RUA ANTÔNIO DOMINGOS DE SOUZA    QUADRA 5 LOTE 2","","SC","4205407","100MG7W","NR","SA-NSA","","3450","3450","246","FB","","","760","168242103257","16.8","23.8","65","0","X","33","168242103257","31.62","-27.660116","-48.54375","G","2024-10-15","1999-07-08","","1c113af803390fe4","2041-12-08","","","Florianópolis"
"LIC-LIC-01","TELEFONICA BRASIL S.A.","50409146366","010","105802021","1016184201","RUA PROFESSOR JOAO JOSE CABRAL    127","","SC","4205407","100MG7W","NR","SA-NSA","","3450","3450","110","FB","","","760","116652103257","25","23","60","-4","X","45","116652103257","200","-27.579722","-48.5865","G","2024-10-15","2024-10-15","","1c113af803390fe5","2041-12-08","","","Florianópolis"
"LIC-LIC-01","TELEFONICA BRASIL S.A.","50409146366","010","105802021","1016184201","RUA PROFESSOR JOAO JOSE CABRAL    127","","SC","4205407","100MG7W","NR","SA-NSA","","3450","3450","200","FB","","","760","116652103257","25","23","60","0","X","45","116652103257","200","-27.579722","-48.5865","G","2024-10-15","2024-10-15","","1c113af803390fe6","2041-12-08","","","Florianópolis"
"LIC-LIC-01","TELEFONICA BRASIL S.A.","50409146366","010","105802021","1016184201","RUA PROFESSOR JOAO JOSE CABRAL    127","","SC","4205407","100MG7W","NR","SA-NSA","","3450","3450","300","FB","","","760","116652103257","25","23","60","-2","X","45","116652103257","200","-27.579722","-48.5865","G","2024-10-15","2024-10-15","","1c113af803390fe7","2041-12-08","","","Florianópolis"
"LIC-LIC-01","TELEFONICA BRASIL S.A.","50409146366","010","105802021","442516525","AVENIDA DAS PALMEIRAS    AO LADO DO 1051","","SC","4205407","100MG7W","NR","SA-NSA","","3450","3450","10","FB","","","760","168242103257","16.8","23.8","65","0","X","54","168242103257","200","-27.448744","-48.532917","G","2024-10-15","1999-12-17","","1c113af803390fe8","2041-12-08","","","Florianópolis"
"LIC-LIC-01","TELEFONICA BRASIL S.A.","50409146366","010","105802021","442516525","AVENIDA DAS PALMEIRAS    AO LADO DO 1051","","SC","4205407","100MG7W","NR","SA-NSA","","3450","3450","100","FB","","","760","168242103257","16.8","23.8","65","0","X","54","168242103257","200","-27.448744","-48.532917","G","2024-10-15","1999-12-17","","1c113af803390fe9","2041-12-08","","","Florianópolis"
"LIC-LIC-01","TELEFONICA BRASIL S.A.","50409146366","010","105802021","442516525","AVENIDA DAS PALMEIRAS    AO LADO DO 1051","","SC","4205407","100MG7W","NR","SA-NSA","","3450","3450","240","FB","","","760","168242103257","16.8","23.8","65","0","X","54","168242103257","200","-27.448744","-48.532917","G","2024-10-15","1999-12-17","","1c113af803390fea","2041-12-08","","","Florianópolis"
"LIC-LIC-01","TELEFONICA BRASIL S.A.","50409146366","010","105802021","693107383","ROD SC 401 - 4529","","SC","4205407","100MG7W","NR","SA-NSA","","3450","3450","30","FB","","","760","116652103257","25","23","60","0","X","54","116652103257","200","-27.542653","-48.505308","G","2024-10-15","2010-12-20","","1c113af8033d5a5b","2041-12-08","","","Florianópolis"
"LIC-LIC-01","TELEFONICA BRASIL S.A.","50409146366","010","105802021","693107383","ROD SC 401 - 4529","","SC","4205407","100MG7W","NR","SA-NSA","","3450","3450","130","FB","","","760","116652103257","25","23","60","0","X","54","116652103257","200","-27.542653","-48.505308","G","2024-10-15","2010-12-20","","1c113af8033d5a5c","2041-12-08","","","Florianópolis"
"LIC-LIC-01","TELEFONICA BRASIL S.A.","50409146366","010","105802021","693107383","ROD SC 401 - 4529","","SC","4205407","100MG7W","NR","SA-NSA","","3450","3450","300","FB","","","760","116652103257","25","23","60","0","X","54","116652103257","200","-27.542653","-48.505308","G","2024-10-15","2010-12-20","","1c113af8033d5a5d","2041-12-08","","","Florianópolis"
"LIC-LIC-01","TELEFONICA BRASIL S.A.","50409146366","010","105802021","1010080650","RUA. DEPUTADO  FERNANDO VIÉGAS    445","","SC","4205407","100MG7W","NR","SA-NSA","","3450","3450","30","FB","","","760","116652103257","25","23","60","0","X","24","116652103257","200","-27.397417","-48.429583","G","2024-10-15","2020-03-11","","2ed63af8020b6af4","2041-12-08","","","Florianópolis"
"LIC-LIC-01","TELEFONICA BRASIL S.A.","50409146366","010","105802021","1010080650","RUA. DEPUTADO  FERNANDO VIÉGAS    445","","SC","4205407","100MG7W","NR","SA-NSA","","3450","3450","140","FB","","","760","116652103257","25","23","60","0","X","24","116652103257","200","-27.397417","-48.429583","G","2024-10-15","2020-03-11","","2ed63af8020b6af5","2041-12-08","","","Florianópolis"
"LIC-LIC-01","TELEFONICA BRASIL S.A.","50409146366","010","105802021","1010080650","RUA. DEPUTADO  FERNANDO VIÉGAS    445","","SC","4205407","100MG7W","NR","SA-NSA","","3450","3450","300","FB","","","760","116652103257","25","23","60","0","X","24","116652103257","200","-27.397417","-48.429583","G","2024-10-15","2020-03-11","","2ed63af8020b6af6","2041-12-08","","","Florianópolis"
